Clemson_p291_c2_grm_std_uni,1,2.652744770050049,-2.6704373359680176,1
Clemson_p291_c2_grm_std_uni,1,3.380279302597046,-3.4761528968811035,1
Clemson_p291_c2_grm_std_uni,1,3.7146711349487305,-3.872964859008789,1
Clemson_p291_c2_grm_std_uni,1,3.818490982055664,-3.9878711700439453,1
Clemson_p291_c2_grm_std_uni,1,3.873271942138672,-3.946425199508667,1
Clemson_p291_c2_grm_std_uni,1,3.800184488296509,-3.749929428100586,1
Clemson_p291_c2_grm_std_uni,1,3.722985029220581,-3.615259885787964,1
Clemson_p291_c2_grm_std_uni,1,3.6769728660583496,-3.5506536960601807,1
Clemson_p291_c2_grm_std_uni,1,3.5029051303863525,-3.363450527191162,1
Clemson_p291_c2_grm_std_uni,1,3.3395068645477295,-3.2319369316101074,1
Clemson_p291_c2_grm_std_uni,1,2.922091484069824,-2.956411123275757,1
Clemson_p291_c2_grm_std_uni,1,2.729600667953491,-3.0913007259368896,1
Clemson_p291_c2_grm_std_uni,1,2.2688260078430176,-2.792161226272583,1
Clemson_p291_c2_grm_std_uni,1,1.7299487590789795,-2.338646411895752,1
Clemson_p291_c2_grm_std_uni,1,1.8714982271194458,-2.4269111156463623,1
Clemson_p291_c2_grm_std_uni,1,2.402223587036133,-2.973235845565796,1
Clemson_p291_c2_grm_std_uni,1,2.164614200592041,-2.876899003982544,1
Clemson_p291_c2_grm_std_uni,1,2.3656973838806152,-3.0765974521636963,1
Clemson_p291_c2_grm_std_uni,1,3.531329393386841,-3.855816125869751,1
Clemson_p291_c2_grm_std_uni,1,4.008150577545166,-4.042063236236572,1
Clemson_p291_c2_grm_std_uni,1,4.139830589294434,-3.9307548999786377,1
Clemson_p291_c2_grm_std_uni,1,4.254526138305664,-3.789417266845703,1
Clemson_p291_c2_grm_std_uni,1,4.353894233703613,-3.7219433784484863,1
Clemson_p291_c2_grm_std_uni,1,3.9612786769866943,-3.4610595703125,1
Clemson_p291_c2_grm_std_uni,1,3.4204037189483643,-3.0641732215881348,1
Clemson_p291_c2_grm_std_uni,1,2.7544941902160645,-2.5166332721710205,1
Clemson_p291_c2_grm_std_uni,1,3.174283027648926,-3.135134696960449,1
Clemson_p291_c2_grm_std_uni,1,3.8313260078430176,-3.834843397140503,1
Clemson_p291_c2_grm_std_uni,1,4.31818151473999,-4.147196292877197,1
Clemson_p291_c2_grm_std_uni,1,4.4783124923706055,-4.096283912658691,1
Clemson_p291_c2_grm_std_uni,1,4.257872104644775,-3.59075665473938,1
Clemson_p291_c2_grm_std_uni,1,4.1099748611450195,-3.1690430641174316,1
Clemson_p291_c2_grm_std_uni,1,4.157095432281494,-3.199437141418457,1
Clemson_p291_c2_grm_std_uni,1,4.283463478088379,-3.391573667526245,1
Clemson_p291_c2_grm_std_uni,1,4.304539203643799,-3.3251137733459473,1
Clemson_p291_c2_grm_std_uni,1,4.353281021118164,-3.4003491401672363,1
Clemson_p291_c2_grm_std_uni,1,4.521332263946533,-3.656121015548706,1
Clemson_p291_c2_grm_std_uni,1,4.21628999710083,-3.5404486656188965,1
Clemson_p291_c2_grm_std_uni,1,3.990622043609619,-3.3582568168640137,1
Clemson_p291_c2_grm_std_uni,1,3.5431175231933594,-3.0396275520324707,1
Clemson_p291_c2_grm_std_uni,1,2.9254863262176514,-2.7272050380706787,1
Clemson_p291_c2_grm_std_uni,1,1.6623684167861938,-1.7798517942428589,1
Clemson_p291_c2_grm_std_uni,1,1.690961480140686,-2.182389974594116,1
Clemson_p291_c2_grm_std_uni,1,2.407599687576294,-2.8252382278442383,1
Clemson_p291_c2_grm_std_uni,1,3.3767504692077637,-3.3688931465148926,1
Clemson_p291_c2_grm_std_uni,1,4.0109968185424805,-3.870574712753296,1
Clemson_p291_c2_grm_std_uni,1,3.819613218307495,-3.6091909408569336,1
Clemson_p291_c2_grm_std_uni,1,3.659813642501831,-3.451874017715454,1
Clemson_p291_c2_grm_std_uni,1,4.053316116333008,-4.083068370819092,1
Clemson_p291_c2_grm_std_uni,1,4.60698127746582,-4.71701717376709,1
Clemson_p291_c2_grm_std_uni,1,4.461514472961426,-4.419047832489014,1
Clemson_p291_c2_grm_std_uni,1,4.1567583084106445,-4.034025192260742,1
Clemson_p291_c2_grm_std_uni,1,4.746634006500244,-4.599757194519043,1
Clemson_p291_c2_grm_std_uni,1,4.573534965515137,-4.417254447937012,1
Clemson_p291_c2_grm_std_uni,1,4.187036991119385,-4.086860656738281,1
Clemson_p291_c2_grm_std_uni,1,4.59891414642334,-4.44572114944458,1
Clemson_p291_c2_grm_std_uni,1,4.833974361419678,-4.648279190063477,1
Clemson_p291_c2_grm_std_uni,1,4.719010829925537,-4.546398639678955,1
Clemson_p291_c2_grm_std_uni,1,4.676962852478027,-4.504420280456543,1
Clemson_p291_c2_grm_std_uni,1,4.573083877563477,-4.400702953338623,1
Clemson_p291_c2_grm_std_uni,1,4.761964321136475,-4.5429840087890625,1
Clemson_p291_c2_grm_std_uni,1,4.810027122497559,-4.540363788604736,1
Clemson_p291_c2_grm_std_uni,1,4.804400444030762,-4.498388767242432,1
Clemson_p291_c2_grm_std_uni,1,4.443182945251465,-4.207992076873779,1
Clemson_p291_c2_grm_std_uni,1,3.2245097160339355,-2.961139678955078,1
Clemson_p291_c2_grm_std_uni,1,2.904151201248169,-2.4656982421875,1
Clemson_p291_c2_grm_std_uni,1,3.6702966690063477,-3.048417806625366,1
Clemson_p291_c2_grm_std_uni,1,4.97065544128418,-4.3056960105896,1
Clemson_p291_c2_grm_std_uni,1,4.779451370239258,-4.21627950668335,1
Clemson_p291_c2_grm_std_uni,1,3.9879848957061768,-3.5668785572052,1
Clemson_p291_c2_grm_std_uni,1,2.84911847114563,-2.6661429405212402,1
Clemson_p291_c2_grm_std_uni,1,1.8610386848449707,-2.0921943187713623,1
Clemson_p291_c2_grm_std_uni,1,1.4373717308044434,-1.7547179460525513,1
Clemson_p291_c2_grm_std_uni,1,2.2370874881744385,-2.466895341873169,1
Clemson_p291_c2_grm_std_uni,1,3.4181013107299805,-3.8703956604003906,1
Clemson_p291_c2_grm_std_uni,1,3.928321361541748,-4.358500003814697,1
Clemson_p291_c2_grm_std_uni,1,4.015153408050537,-4.202374458312988,1
Clemson_p291_c2_grm_std_uni,1,3.2937963008880615,-3.3070619106292725,1
Clemson_p291_c2_grm_std_uni,1,2.416935682296753,-2.734761953353882,1
Clemson_p291_c2_grm_std_uni,1,2.522641897201538,-3.0505356788635254,1
Clemson_p291_c2_grm_std_uni,1,2.546732187271118,-3.0547585487365723,1
Clemson_p291_c2_grm_std_uni,1,4.004602432250977,-4.070432662963867,1
Clemson_p291_c2_grm_std_uni,1,4.427512168884277,-4.19434118270874,1
Clemson_p291_c2_grm_std_uni,1,4.27896785736084,-3.78905987739563,1
Clemson_p291_c2_grm_std_uni,1,3.8201451301574707,-3.333740472793579,1
Clemson_p291_c2_grm_std_uni,1,4.1080641746521,-3.607323169708252,1
Clemson_p291_c2_grm_std_uni,1,4.402100086212158,-3.8387277126312256,1
Clemson_p291_c2_grm_std_uni,1,4.296542167663574,-3.6525604724884033,1
Clemson_p291_c2_grm_std_uni,1,4.191353797912598,-3.374849796295166,1
Clemson_p291_c2_grm_std_uni,1,3.3417725563049316,-2.401914119720459,1
Clemson_p291_c2_grm_std_uni,1,3.3710548877716064,-2.618126392364502,1
Clemson_p291_c2_grm_std_uni,1,3.3090779781341553,-2.433415651321411,1
Clemson_p291_c2_grm_std_uni,1,2.196659564971924,-1.3167393207550049,1
Clemson_p291_c2_grm_std_uni,1,2.087218999862671,-1.8308818340301514,1
Clemson_p291_c2_grm_std_uni,1,3.6063499450683594,-3.7887461185455322,1
Clemson_p291_c2_grm_std_uni,1,4.182528495788574,-4.262547016143799,1
Clemson_p291_c2_grm_std_uni,1,4.592782974243164,-4.6241865158081055,1
Clemson_p291_c2_grm_std_uni,1,4.763052463531494,-4.44452428817749,1
Clemson_p291_c2_grm_std_uni,1,4.545293807983398,-4.049039840698242,1
Clemson_p291_c2_grm_std_uni,1,3.9798686504364014,-3.3887298107147217,1
Clemson_p291_c2_grm_std_uni,1,2.3038809299468994,-2.0291666984558105,1
Clemson_p291_c2_grm_std_uni,1,1.7405554056167603,-2.0605459213256836,1
Clemson_p291_c2_grm_std_uni,1,2.8001859188079834,-3.5003011226654053,1
Clemson_p291_c2_grm_std_uni,1,5.124298572540283,-5.534978866577148,1
Clemson_p291_c2_grm_std_uni,1,5.804756164550781,-5.842996597290039,1
Clemson_p291_c2_grm_std_uni,1,5.964471340179443,-5.680624485015869,1
Clemson_p291_c2_grm_std_uni,1,5.439970016479492,-4.876330375671387,1
Clemson_p291_c2_grm_std_uni,1,5.1569294929504395,-4.4018144607543945,1
Clemson_p291_c2_grm_std_uni,1,5.650786399841309,-4.866391181945801,1
Clemson_p291_c2_grm_std_uni,1,6.2497944831848145,-5.338685035705566,1
Clemson_p291_c2_grm_std_uni,1,6.443816661834717,-5.561025142669678,1
Clemson_p291_c2_grm_std_uni,1,6.486774921417236,-5.541853904724121,1
Clemson_p291_c2_grm_std_uni,1,6.188302516937256,-5.316499710083008,1
Clemson_p291_c2_grm_std_uni,1,5.880748271942139,-5.044548988342285,1
Clemson_p291_c2_grm_std_uni,1,5.413619041442871,-4.716916561126709,1
Clemson_p291_c2_grm_std_uni,1,5.847570419311523,-5.2692108154296875,1
Clemson_p291_c2_grm_std_uni,1,6.066446304321289,-5.647124767303467,1
Clemson_p291_c2_grm_std_uni,1,5.985696792602539,-5.502444267272949,1
Clemson_p291_c2_grm_std_uni,1,5.180604934692383,-4.755710124969482,1
Clemson_p291_c2_grm_std_uni,1,4.32572078704834,-4.078178882598877,1
Clemson_p291_c2_grm_std_uni,1,4.382922649383545,-4.144860744476318,1
Clemson_p291_c2_grm_std_uni,1,4.591706275939941,-4.256745338439941,1
Clemson_p291_c2_grm_std_uni,1,4.451952934265137,-4.013187885284424,1
Clemson_p291_c2_grm_std_uni,1,4.025602340698242,-3.708200693130493,1
Clemson_p291_c2_grm_std_uni,1,4.294846057891846,-4.170464038848877,1
Clemson_p291_c2_grm_std_uni,1,4.841092586517334,-4.95004940032959,1
Clemson_p291_c2_grm_std_uni,1,5.030519008636475,-5.025315761566162,1
Clemson_p291_c2_grm_std_uni,1,5.0123419761657715,-4.764109134674072,1
Clemson_p291_c2_grm_std_uni,1,4.686223030090332,-4.3792877197265625,1
Clemson_p291_c2_grm_std_uni,1,4.431618690490723,-4.33627986907959,1
Clemson_p291_c2_grm_std_uni,1,4.428063869476318,-4.441219806671143,1
Clemson_p291_c2_grm_std_uni,1,4.551711559295654,-4.591040134429932,1
Clemson_p291_c2_grm_std_uni,1,4.771605491638184,-4.672976016998291,1
Clemson_p291_c2_grm_std_uni,1,4.808386325836182,-4.6090312004089355,1
Clemson_p291_c2_grm_std_uni,1,4.705676555633545,-4.446653366088867,1
Clemson_p291_c2_grm_std_uni,1,4.205942153930664,-3.9081671237945557,1
Clemson_p291_c2_grm_std_uni,1,4.414526462554932,-3.8617756366729736,1
Clemson_p291_c2_grm_std_uni,1,4.96307897567749,-4.193032741546631,1
Clemson_p291_c2_grm_std_uni,1,5.307466506958008,-4.511967658996582,1
Clemson_p291_c2_grm_std_uni,1,4.607747554779053,-3.7106547355651855,1
Clemson_p291_c2_grm_std_uni,1,2.573073625564575,-1.574087381362915,1
Clemson_p291_c2_grm_std_uni,1,2.304738759994507,-1.1150821447372437,1
Clemson_p291_c2_grm_std_uni,1,2.8867218494415283,-2.399909019470215,1
Clemson_p291_c2_grm_std_uni,1,3.311331033706665,-3.574227809906006,1
Clemson_p291_c2_grm_std_uni,1,3.6283998489379883,-4.152968883514404,1
Clemson_p291_c2_grm_std_uni,1,3.7728965282440186,-4.169732570648193,1
Clemson_p291_c2_grm_std_uni,1,3.9742777347564697,-4.159000396728516,1
Clemson_p291_c2_grm_std_uni,1,3.9078800678253174,-4.337333679199219,1
Clemson_p291_c2_grm_std_uni,1,3.683293342590332,-4.602086067199707,1
Clemson_p291_c2_grm_std_uni,1,3.6068527698516846,-4.786448955535889,1
Clemson_p291_c2_grm_std_uni,1,4.269256114959717,-5.232855319976807,1
Clemson_p291_c2_grm_std_uni,1,5.307768821716309,-5.912297248840332,1
Clemson_p291_c2_grm_std_uni,1,5.760128974914551,-5.83090877532959,1
Clemson_p291_c2_grm_std_uni,1,5.450357913970947,-5.138974189758301,1
Clemson_p291_c2_grm_std_uni,1,5.876498222351074,-5.411210536956787,1
Clemson_p291_c2_grm_std_uni,1,5.882631301879883,-5.425817012786865,1
Clemson_p291_c2_grm_std_uni,1,6.154086112976074,-5.66227388381958,1
Clemson_p291_c2_grm_std_uni,1,6.694045543670654,-6.267947196960449,1
Clemson_p291_c2_grm_std_uni,1,6.906410217285156,-6.48151969909668,1
Clemson_p291_c2_grm_std_uni,1,6.99129056930542,-6.481215476989746,1
Clemson_p291_c2_grm_std_uni,1,6.674057483673096,-6.091414928436279,1
Clemson_p291_c2_grm_std_uni,1,6.587857246398926,-6.019848346710205,1
Clemson_p291_c2_grm_std_uni,1,5.14302396774292,-4.468141555786133,1
Clemson_p291_c2_grm_std_uni,1,3.895787477493286,-3.6942803859710693,1
Clemson_p291_c2_grm_std_uni,1,3.6943352222442627,-3.512854814529419,1
Clemson_p291_c2_grm_std_uni,1,4.637816429138184,-4.59395694732666,1
Clemson_p291_c2_grm_std_uni,1,5.180215358734131,-5.632734775543213,1
Clemson_p291_c2_grm_std_uni,1,4.852897644042969,-5.974064350128174,1
Clemson_p291_c2_grm_std_uni,1,5.250823974609375,-6.399727821350098,1
Clemson_p291_c2_grm_std_uni,1,6.714656352996826,-6.976797580718994,1
Clemson_p291_c2_grm_std_uni,1,6.8222856521606445,-6.6563215255737305,1
Clemson_p291_c2_grm_std_uni,1,6.48393440246582,-6.033798694610596,1
Clemson_p291_c2_grm_std_uni,1,6.201126575469971,-5.8827362060546875,1
Clemson_p291_c2_grm_std_uni,1,5.945409774780273,-5.879327774047852,1
Clemson_p291_c2_grm_std_uni,1,5.811115741729736,-5.871516227722168,1
Clemson_p291_c2_grm_std_uni,1,5.786741256713867,-5.952496528625488,1
Clemson_p291_c2_grm_std_uni,1,5.853417873382568,-6.083128929138184,1
Clemson_p291_c2_grm_std_uni,1,5.8341193199157715,-6.076600074768066,1
Clemson_p291_c2_grm_std_uni,1,6.008051872253418,-6.11408805847168,1
Clemson_p291_c2_grm_std_uni,1,6.197025775909424,-6.144806385040283,1
Clemson_p291_c2_grm_std_uni,1,6.062427043914795,-5.9902215003967285,1
Clemson_p291_c2_grm_std_uni,1,5.904341697692871,-6.034573078155518,1
Clemson_p291_c2_grm_std_uni,1,5.065078258514404,-5.5637993812561035,1
Clemson_p291_c2_grm_std_uni,1,3.6134750843048096,-4.454158306121826,1
Clemson_p291_c2_grm_std_uni,1,3.812415361404419,-5.044827461242676,1
Clemson_p291_c2_grm_std_uni,1,5.240423679351807,-6.556256294250488,1
Clemson_p291_c2_grm_std_uni,1,6.08652400970459,-7.1731367111206055,1
Clemson_p291_c2_grm_std_uni,1,5.8950114250183105,-6.649223804473877,1
Clemson_p291_c2_grm_std_uni,1,5.723677635192871,-6.226431846618652,1
Clemson_p291_c2_grm_std_uni,1,5.763166904449463,-6.030982971191406,1
Clemson_p291_c2_grm_std_uni,1,5.445139408111572,-5.774668216705322,1
Clemson_p291_c2_grm_std_uni,1,5.132100582122803,-5.706315517425537,1
Clemson_p291_c2_grm_std_uni,1,5.001954078674316,-5.776346683502197,1
Clemson_p291_c2_grm_std_uni,1,5.137090682983398,-5.876046657562256,1
Clemson_p291_c2_grm_std_uni,1,5.2206549644470215,-5.801969528198242,1
Clemson_p291_c2_grm_std_uni,1,5.206953525543213,-5.610871315002441,1
Clemson_p291_c2_grm_std_uni,1,5.244958877563477,-5.572669506072998,1
Clemson_p291_c2_grm_std_uni,1,5.0356669425964355,-5.467532157897949,1
Clemson_p291_c2_grm_std_uni,1,4.3646087646484375,-5.010481834411621,1
Clemson_p291_c2_grm_std_uni,1,4.911254405975342,-5.327775001525879,1
Clemson_p291_c2_grm_std_uni,1,5.172128200531006,-5.231558322906494,1
Clemson_p291_c2_grm_std_uni,1,5.304886341094971,-5.09029483795166,1
Clemson_p291_c2_grm_std_uni,1,5.176765441894531,-4.905875205993652,1
Clemson_p291_c2_grm_std_uni,1,4.69962739944458,-4.502559185028076,1
Clemson_p291_c2_grm_std_uni,1,4.882340431213379,-4.723774433135986,1
Clemson_p291_c2_grm_std_uni,1,5.300880432128906,-5.079384803771973,1
Clemson_p291_c2_grm_std_uni,1,4.669827938079834,-4.475342750549316,1
Clemson_p291_c2_grm_std_uni,1,4.57959508895874,-4.406955242156982,1
Clemson_p291_c2_grm_std_uni,1,4.550650596618652,-4.444802284240723,1
Clemson_p291_c2_grm_std_uni,1,3.7644388675689697,-3.6598174571990967,1
Clemson_p291_c2_grm_std_uni,1,4.875114917755127,-4.761652946472168,1
Clemson_p291_c2_grm_std_uni,1,5.54042911529541,-5.339279651641846,1
Clemson_p291_c2_grm_std_uni,1,5.952937602996826,-5.595566749572754,1
Clemson_p291_c2_grm_std_uni,1,5.1872878074646,-4.87408447265625,1
Clemson_p291_c2_grm_std_uni,1,4.97385835647583,-4.814560413360596,1
Clemson_p291_c2_grm_std_uni,1,5.178473472595215,-5.195083141326904,1
Clemson_p291_c2_grm_std_uni,1,4.890496730804443,-4.977173328399658,1
Clemson_p291_c2_grm_std_uni,1,4.916637897491455,-4.768564701080322,1
Clemson_p291_c2_grm_std_uni,1,5.263329029083252,-4.980254650115967,1
Clemson_p291_c2_grm_std_uni,1,5.6614274978637695,-5.282785415649414,1
Clemson_p291_c2_grm_std_uni,1,5.497727870941162,-5.196045875549316,1
Clemson_p291_c2_grm_std_uni,1,5.189302444458008,-4.878433704376221,1
Clemson_p291_c2_grm_std_uni,1,5.045561790466309,-4.607412338256836,1
Clemson_p291_c2_grm_std_uni,1,4.784181118011475,-4.189104080200195,1
Clemson_p291_c2_grm_std_uni,1,4.688089370727539,-4.084304332733154,1
Clemson_p291_c2_grm_std_uni,1,5.327346324920654,-4.724029064178467,1
Clemson_p291_c2_grm_std_uni,1,5.435083866119385,-4.938164710998535,1
Clemson_p291_c2_grm_std_uni,1,4.567712306976318,-4.150696277618408,1
Clemson_p291_c2_grm_std_uni,1,3.8551249504089355,-3.4245314598083496,1
Clemson_p291_c2_grm_std_uni,1,3.602329969406128,-3.1573991775512695,1
Clemson_p291_c2_grm_std_uni,1,4.853357315063477,-4.511682510375977,1
Clemson_p291_c2_grm_std_uni,1,4.7680583000183105,-4.7139458656311035,1
Clemson_p291_c2_grm_std_uni,1,4.2277679443359375,-4.164463043212891,1
Clemson_p291_c2_grm_std_uni,1,4.547545433044434,-4.3357625007629395,1
Clemson_p291_c2_grm_std_uni,1,5.060858726501465,-4.7611083984375,1
Clemson_p291_c2_grm_std_uni,1,5.030731678009033,-4.762372970581055,1
Clemson_p291_c2_grm_std_uni,1,4.4006452560424805,-4.2624359130859375,1
Clemson_p291_c2_grm_std_uni,1,4.260235786437988,-4.293027877807617,1
Clemson_p291_c2_grm_std_uni,1,4.46631383895874,-4.677399635314941,1
Clemson_p291_c2_grm_std_uni,1,4.621670722961426,-4.946031093597412,1
Clemson_p291_c2_grm_std_uni,1,4.678126335144043,-4.930215835571289,1
Clemson_p291_c2_grm_std_uni,1,4.831837177276611,-5.131624221801758,1
Clemson_p291_c2_grm_std_uni,1,4.959942817687988,-5.156486988067627,1
Clemson_p291_c2_grm_std_uni,1,5.060498237609863,-4.991920471191406,1
Clemson_p291_c2_grm_std_uni,1,4.562123775482178,-4.308884143829346,1
Clemson_p291_c2_grm_std_uni,1,3.8343122005462646,-3.5155107975006104,1
Clemson_p291_c2_grm_std_uni,1,4.435775279998779,-4.003634452819824,1
Clemson_p291_c2_grm_std_uni,1,4.490251064300537,-4.039427280426025,1
Clemson_p291_c2_grm_std_uni,1,4.649655818939209,-4.217706680297852,1
Clemson_p291_c2_grm_std_uni,1,5.053962230682373,-4.703616142272949,1
Clemson_p291_c2_grm_std_uni,1,5.25416898727417,-4.778722286224365,1
Clemson_p291_c2_grm_std_uni,1,4.997849464416504,-4.434666633605957,1
Clemson_p291_c2_grm_std_uni,1,4.552262783050537,-4.0974249839782715,1
Clemson_p291_c2_grm_std_uni,1,4.605755805969238,-4.399134635925293,1
Clemson_p291_c2_grm_std_uni,1,4.58775520324707,-4.5825018882751465,1
Clemson_p291_c2_grm_std_uni,1,4.443896293640137,-4.575411796569824,1
Clemson_p291_c2_grm_std_uni,1,4.651758670806885,-4.734370708465576,1
Clemson_p291_c2_grm_std_uni,1,4.940163612365723,-4.860011577606201,1
Clemson_p291_c2_grm_std_uni,1,5.122005939483643,-4.986815929412842,1
Clemson_p291_c2_grm_std_uni,1,5.1409525871276855,-4.875136852264404,1
Clemson_p291_c2_grm_std_uni,1,4.42197847366333,-4.204434394836426,1
Clemson_p291_c2_grm_std_uni,1,3.608910322189331,-3.6220099925994873,1
Clemson_p291_c2_grm_std_uni,1,3.967925548553467,-4.10075044631958,1
Clemson_p291_c2_grm_std_uni,1,4.250236988067627,-4.3491082191467285,1
Clemson_p291_c2_grm_std_uni,1,4.506591796875,-4.484588623046875,1
Clemson_p291_c2_grm_std_uni,1,4.428587436676025,-4.400283336639404,1
Clemson_p291_c2_grm_std_uni,1,4.519402027130127,-4.646092891693115,1
Clemson_p291_c2_grm_std_uni,1,4.626576900482178,-4.813342094421387,1
Clemson_p291_c2_grm_std_uni,1,4.671747207641602,-4.70829963684082,1
Clemson_p291_c2_grm_std_uni,1,4.159286022186279,-4.047323226928711,1
Clemson_p291_c2_grm_std_uni,1,3.470395565032959,-3.4655795097351074,1
Clemson_p291_c2_grm_std_uni,1,3.1226916313171387,-3.106961727142334,1
Clemson_p291_c2_grm_std_uni,1,3.5840137004852295,-3.4248862266540527,1
Clemson_p291_c2_grm_std_uni,1,4.212794303894043,-3.903698682785034,1
Clemson_p291_c2_grm_std_uni,1,4.3593292236328125,-4.017370223999023,1
Clemson_p291_c2_grm_std_uni,1,4.176382064819336,-3.8041305541992188,1
Clemson_p291_c2_grm_std_uni,1,3.106870412826538,-2.9881062507629395,1
Clemson_p291_c2_grm_std_uni,1,2.6167802810668945,-2.486542224884033,1
Clemson_p291_c2_grm_std_uni,1,3.9997777938842773,-3.602180242538452,1
Clemson_p291_c2_grm_std_uni,1,4.912456035614014,-4.272527694702148,1
Clemson_p291_c2_grm_std_uni,1,5.244231224060059,-4.464913368225098,1
Clemson_p291_c2_grm_std_uni,1,4.685817241668701,-4.037440299987793,1
Clemson_p291_c2_grm_std_uni,1,4.239195823669434,-3.8512063026428223,1
Clemson_p291_c2_grm_std_uni,1,4.595916271209717,-4.338831424713135,1
Clemson_p291_c2_grm_std_uni,1,5.750458717346191,-5.293555736541748,1
Clemson_p291_c2_grm_std_uni,1,6.237902641296387,-5.7390923500061035,1
Clemson_p291_c2_grm_std_uni,1,6.158429145812988,-5.685094356536865,1
Clemson_p291_c2_grm_std_uni,1,5.916292667388916,-5.5311598777771,1
Clemson_p291_c2_grm_std_uni,1,5.642044544219971,-5.315018177032471,1
Clemson_p291_c2_grm_std_uni,1,3.818641185760498,-3.57007098197937,1
Clemson_p291_c2_grm_std_uni,1,3.0060834884643555,-3.0207979679107666,1
Clemson_p291_c2_grm_std_uni,1,3.4852042198181152,-3.625523567199707,1
Clemson_p291_c2_grm_std_uni,1,3.9126229286193848,-4.740966320037842,1
Clemson_p291_c2_grm_std_uni,1,4.121495723724365,-5.073576927185059,1
Clemson_p291_c2_grm_std_uni,1,4.928300857543945,-5.6509175300598145,1
Clemson_p291_c2_grm_std_uni,1,5.446401596069336,-5.708574295043945,1
Clemson_p291_c2_grm_std_uni,1,5.252890586853027,-5.590678691864014,1
Clemson_p291_c2_grm_std_uni,1,5.065324306488037,-5.596915245056152,1
Clemson_p291_c2_grm_std_uni,1,5.49822998046875,-6.037350654602051,1
Clemson_p291_c2_grm_std_uni,1,5.8347907066345215,-6.203842639923096,1
Clemson_p291_c2_grm_std_uni,1,6.091838359832764,-6.3674397468566895,1
Clemson_p291_c2_grm_std_uni,1,6.389997482299805,-6.536790370941162,1
Clemson_p291_c2_grm_std_uni,1,5.6972761154174805,-5.924361228942871,1
Clemson_p291_c2_grm_std_uni,1,5.781952857971191,-5.945433139801025,1
Clemson_p291_c2_grm_std_uni,1,6.209200382232666,-5.973895072937012,1
Clemson_p291_c2_grm_std_uni,1,5.974906921386719,-5.473034858703613,1
Clemson_p291_c2_grm_std_uni,1,5.914945602416992,-5.388900279998779,1
Clemson_p291_c2_grm_std_uni,1,6.327360153198242,-5.699648857116699,1
Clemson_p291_c2_grm_std_uni,1,6.67398738861084,-6.0799970626831055,1
Clemson_p291_c2_grm_std_uni,1,6.5778727531433105,-6.3399810791015625,1
Clemson_p291_c2_grm_std_uni,1,6.645186424255371,-6.456446170806885,1
Clemson_p291_c2_grm_std_uni,1,6.3358330726623535,-5.578734397888184,1
Clemson_p291_c2_grm_std_uni,1,5.629908561706543,-4.782719612121582,1
Clemson_p291_c2_grm_std_uni,1,5.418674945831299,-4.697164058685303,1
Clemson_p291_c2_grm_std_uni,1,5.608396053314209,-4.980833053588867,1
Clemson_p291_c2_grm_std_uni,1,5.9940080642700195,-5.21464204788208,1
Clemson_p291_c2_grm_std_uni,1,5.772517204284668,-5.014027118682861,1
Clemson_p291_c2_grm_std_uni,1,5.058130741119385,-4.412095069885254,1
Clemson_p291_c2_grm_std_uni,1,5.765556335449219,-4.963743686676025,1
Clemson_p291_c2_grm_std_uni,1,6.6342573165893555,-5.433719158172607,1
Clemson_p291_c2_grm_std_uni,1,6.551626205444336,-5.580514430999756,1
Clemson_p291_c2_grm_std_uni,1,6.57307243347168,-5.510008335113525,1
Clemson_p291_c2_grm_std_uni,1,7.003664970397949,-5.886154651641846,1
Clemson_p291_c2_grm_std_uni,1,6.859199523925781,-6.000205993652344,1
Clemson_p291_c2_grm_std_uni,1,6.431607723236084,-5.935233116149902,1
Clemson_p291_c2_grm_std_uni,1,6.328785419464111,-5.8914265632629395,1
Clemson_p291_c2_grm_std_uni,1,6.301721572875977,-5.8056182861328125,1
Clemson_p291_c2_grm_std_uni,1,6.327146053314209,-5.728894233703613,1
Clemson_p291_c2_grm_std_uni,1,6.242817401885986,-5.637972354888916,1
Clemson_p291_c2_grm_std_uni,1,6.156613826751709,-5.638619422912598,1
Clemson_p291_c2_grm_std_uni,1,5.775433540344238,-5.193761825561523,1
Clemson_p291_c2_grm_std_uni,1,5.244105815887451,-4.73433780670166,1
Clemson_p291_c2_grm_std_uni,1,4.9914679527282715,-4.629448890686035,1
Clemson_p291_c2_grm_std_uni,1,5.409463405609131,-5.024316310882568,1
Clemson_p291_c2_grm_std_uni,1,5.969474792480469,-5.208002090454102,1
Clemson_p291_c2_grm_std_uni,1,5.947807312011719,-5.001791477203369,1
Clemson_p291_c2_grm_std_uni,1,6.171921730041504,-4.987090110778809,1
Clemson_p291_c2_grm_std_uni,1,6.614065647125244,-5.279296398162842,1
Clemson_p291_c2_grm_std_uni,1,6.917513370513916,-5.427068710327148,1
Clemson_p291_c2_grm_std_uni,1,6.687760353088379,-5.053054332733154,1
Clemson_p291_c2_grm_std_uni,1,6.318395137786865,-4.604827880859375,1
Clemson_p291_c2_grm_std_uni,2,6.724089622497559,-4.99872350692749,1
Clemson_p291_c2_grm_std_uni,2,6.746613025665283,-5.656818866729736,1
Clemson_p291_c2_grm_std_uni,2,6.421442985534668,-5.65579891204834,1
Clemson_p291_c2_grm_std_uni,2,5.554903030395508,-5.048151969909668,1
Clemson_p291_c2_grm_std_uni,2,5.175139427185059,-4.915154933929443,1
Clemson_p291_c2_grm_std_uni,2,5.024695873260498,-4.751953125,1
Clemson_p291_c2_grm_std_uni,2,4.09772253036499,-4.0465593338012695,1
Clemson_p291_c2_grm_std_uni,2,3.4390246868133545,-3.685749053955078,1
Clemson_p291_c2_grm_std_uni,2,3.301429033279419,-3.7348098754882812,1
Clemson_p291_c2_grm_std_uni,2,3.6404197216033936,-4.050905227661133,1
Clemson_p291_c2_grm_std_uni,2,3.9990549087524414,-4.435214042663574,1
Clemson_p291_c2_grm_std_uni,2,2.8148813247680664,-3.6287026405334473,1
Clemson_p291_c2_grm_std_uni,2,-1.643256425857544,1.9133884906768799,2
Clemson_p291_c2_grm_std_uni,2,-1.8612061738967896,1.1810733079910278,1
Clemson_p291_c2_grm_std_uni,2,2.5653436183929443,-2.872871160507202,1
Clemson_p291_c2_grm_std_uni,2,5.2122602462768555,-5.181447982788086,1
Clemson_p291_c2_grm_std_uni,2,5.571548938751221,-5.4787750244140625,1
Clemson_p291_c2_grm_std_uni,2,6.120182514190674,-5.675350666046143,1
Clemson_p291_c2_grm_std_uni,2,5.846807956695557,-5.79677677154541,1
Clemson_p291_c2_grm_std_uni,2,6.618616104125977,-6.090208530426025,1
Clemson_p291_c2_grm_std_uni,2,7.022279262542725,-6.6165547370910645,1
Clemson_p291_c2_grm_std_uni,2,7.080513954162598,-6.868457317352295,1
Clemson_p291_c2_grm_std_uni,1,7.148297309875488,-7.048947811126709,1
Clemson_p291_c2_grm_std_uni,1,7.028602123260498,-6.921915054321289,1
Clemson_p291_c2_grm_std_uni,1,6.946877479553223,-6.771446704864502,1
Clemson_p291_c2_grm_std_uni,1,7.020098686218262,-6.896360874176025,1
Clemson_p291_c2_grm_std_uni,1,6.739155292510986,-6.5034661293029785,1
Clemson_p291_c2_grm_std_uni,1,3.958216905593872,-4.304060459136963,1
Clemson_p291_c2_grm_std_uni,1,4.048863887786865,-4.034670352935791,1
Clemson_p291_c2_grm_std_uni,1,5.157144069671631,-4.772863388061523,1
Clemson_p291_c2_grm_std_uni,1,5.605607986450195,-5.247599124908447,1
Clemson_p291_c2_grm_std_uni,1,5.712874889373779,-5.6027421951293945,1
Clemson_p291_c2_grm_std_uni,1,7.040903091430664,-6.413352012634277,1
Clemson_p291_c2_grm_std_uni,1,6.197563171386719,-6.232854843139648,1
Clemson_p291_c2_grm_std_uni,1,4.645290851593018,-5.3632049560546875,1
Clemson_p291_c2_grm_std_uni,1,5.744379043579102,-6.238619327545166,1
Clemson_p291_c2_grm_std_uni,1,6.703666687011719,-6.825677394866943,1
Clemson_p291_c2_grm_std_uni,1,7.285865783691406,-7.094784736633301,1
Clemson_p291_c2_grm_std_uni,1,6.517952919006348,-6.037374496459961,1
Clemson_p291_c2_grm_std_uni,1,6.421442985534668,-5.854127407073975,1
Clemson_p291_c2_grm_std_uni,1,6.346220970153809,-5.90828275680542,1
Clemson_p291_c2_grm_std_uni,1,5.821059226989746,-5.396183967590332,1
Clemson_p291_c2_grm_std_uni,1,5.6040239334106445,-5.226717472076416,1
Clemson_p291_c2_grm_std_uni,1,5.845972537994385,-5.4874162673950195,1
Clemson_p291_c2_grm_std_uni,1,6.038985252380371,-5.773927688598633,1
Clemson_p291_c2_grm_std_uni,1,5.988831996917725,-5.914517879486084,1
Clemson_p291_c2_grm_std_uni,1,5.959906578063965,-6.182022571563721,1
Clemson_p291_c2_grm_std_uni,1,6.090956211090088,-6.541100025177002,1
Clemson_p291_c2_grm_std_uni,1,6.345314025878906,-6.639019966125488,1
Clemson_p291_c2_grm_std_uni,1,6.1712493896484375,-6.205789566040039,1
Clemson_p291_c2_grm_std_uni,1,6.132406711578369,-5.927920341491699,1
Clemson_p291_c2_grm_std_uni,1,6.051903247833252,-5.830206871032715,1
Clemson_p291_c2_grm_std_uni,1,5.948779582977295,-5.619600296020508,1
Clemson_p291_c2_grm_std_uni,1,5.982248306274414,-5.558203220367432,1
Clemson_p291_c2_grm_std_uni,1,5.093499183654785,-4.72869348526001,1
Clemson_p291_c2_grm_std_uni,1,4.290985107421875,-4.172743797302246,1
Clemson_p291_c2_grm_std_uni,1,4.029086112976074,-4.046346664428711,1
Clemson_p291_c2_grm_std_uni,1,4.2564496994018555,-4.220931529998779,1
Clemson_p291_c2_grm_std_uni,1,5.3389997482299805,-4.75022029876709,1
Clemson_p291_c2_grm_std_uni,1,5.74832820892334,-4.961562633514404,1
Clemson_p291_c2_grm_std_uni,1,5.289362907409668,-4.635857105255127,1
Clemson_p291_c2_grm_std_uni,1,4.289740085601807,-3.896254539489746,1
Clemson_p291_c2_grm_std_uni,1,4.250247478485107,-4.027797698974609,1
Clemson_p291_c2_grm_std_uni,1,4.850857257843018,-4.477552890777588,1
Clemson_p291_c2_grm_std_uni,1,4.865243911743164,-4.490457057952881,1
Clemson_p291_c2_grm_std_uni,1,4.92559289932251,-4.749997615814209,1
Clemson_p291_c2_grm_std_uni,1,4.966487407684326,-4.773065567016602,1
Clemson_p291_c2_grm_std_uni,1,4.979659557342529,-4.601629257202148,1
Clemson_p291_c2_grm_std_uni,1,4.261506080627441,-3.8368141651153564,1
Clemson_p291_c2_grm_std_uni,1,4.104978084564209,-3.875131130218506,1
Clemson_p291_c2_grm_std_uni,1,3.3674890995025635,-3.291217803955078,1
Clemson_p291_c2_grm_std_uni,1,3.1849725246429443,-3.081615447998047,1
Clemson_p291_c2_grm_std_uni,1,4.684942722320557,-4.272628307342529,1
Clemson_p291_c2_grm_std_uni,1,6.010022163391113,-5.249821662902832,1
Clemson_p291_c2_grm_std_uni,1,6.223629951477051,-5.459870338439941,1
Clemson_p291_c2_grm_std_uni,1,5.9434685707092285,-4.94701623916626,1
Clemson_p291_c2_grm_std_uni,1,5.684769630432129,-4.605538845062256,1
Clemson_p291_c2_grm_std_uni,1,6.225973129272461,-5.532464981079102,1
Clemson_p291_c2_grm_std_uni,1,5.80864953994751,-5.333020210266113,1
Clemson_p291_c2_grm_std_uni,1,5.456634521484375,-4.998740196228027,1
Clemson_p291_c2_grm_std_uni,1,4.618866443634033,-4.125448703765869,1
Clemson_p291_c2_grm_std_uni,1,3.222770929336548,-2.965660333633423,1
Clemson_p291_c2_grm_std_uni,1,3.6528494358062744,-3.599543809890747,1
Clemson_p291_c2_grm_std_uni,1,4.674633502960205,-4.721629619598389,1
Clemson_p291_c2_grm_std_uni,1,4.939362525939941,-4.784548759460449,1
Clemson_p291_c2_grm_std_uni,1,4.943984031677246,-4.68998908996582,1
Clemson_p291_c2_grm_std_uni,1,4.876919746398926,-4.527243614196777,1
Clemson_p291_c2_grm_std_uni,1,5.21779727935791,-4.671563625335693,1
Clemson_p291_c2_grm_std_uni,1,5.5234808921813965,-4.831191062927246,1
Clemson_p291_c2_grm_std_uni,1,5.56809663772583,-4.941465377807617,1
Clemson_p291_c2_grm_std_uni,1,5.366799831390381,-4.752869129180908,1
Clemson_p291_c2_grm_std_uni,1,4.909774303436279,-4.086939334869385,1
Clemson_p291_c2_grm_std_uni,1,5.4732818603515625,-4.670689582824707,1
Clemson_p291_c2_grm_std_uni,2,5.868283271789551,-5.135899066925049,1
Clemson_p291_c2_grm_std_uni,2,5.628476619720459,-4.657118320465088,1
Clemson_p291_c2_grm_std_uni,2,5.239068031311035,-4.280595779418945,1
Clemson_p291_c2_grm_std_uni,2,5.242503643035889,-4.7310404777526855,1
Clemson_p291_c2_grm_std_uni,2,5.0351080894470215,-4.583220481872559,1
Clemson_p291_c2_grm_std_uni,2,4.520704746246338,-4.3525614738464355,1
Clemson_p291_c2_grm_std_uni,2,4.005716323852539,-4.175041198730469,1
Clemson_p291_c2_grm_std_uni,2,4.195085048675537,-4.1763596534729,1
Clemson_p291_c2_grm_std_uni,2,3.8058362007141113,-3.96077299118042,1
Clemson_p291_c2_grm_std_uni,2,2.9012608528137207,-3.278834819793701,1
Clemson_p291_c2_grm_std_uni,2,1.6871448755264282,-2.3650600910186768,1
Clemson_p291_c2_grm_std_uni,2,2.4034135341644287,-3.022193431854248,1
Clemson_p291_c2_grm_std_uni,2,3.087538242340088,-3.45025634765625,1
Clemson_p291_c2_grm_std_uni,2,3.4872891902923584,-3.7692861557006836,1
Clemson_p291_c2_grm_std_uni,2,1.997016191482544,-2.4410927295684814,1
Clemson_p291_c2_grm_std_uni,2,-1.8707672357559204,1.8240211009979248,2
Clemson_p291_c2_grm_std_uni,2,-0.5361175537109375,-0.12187576293945312,1
Clemson_p291_c2_grm_std_uni,2,3.6177468299865723,-4.048635959625244,1
Clemson_p291_c2_grm_std_uni,2,5.168947696685791,-5.233917236328125,1
Clemson_p291_c2_grm_std_uni,2,5.4143900871276855,-5.457662105560303,1
Clemson_p291_c2_grm_std_uni,2,5.875975608825684,-5.647593021392822,1
Clemson_p291_c2_grm_std_uni,2,6.145334720611572,-5.663286209106445,1
Clemson_p291_c2_grm_std_uni,2,6.196824073791504,-5.73913049697876,1
Clemson_p291_c2_grm_std_uni,1,6.337950229644775,-5.675248622894287,1
Clemson_p291_c2_grm_std_uni,1,6.883325099945068,-6.3331098556518555,1
Clemson_p291_c2_grm_std_uni,1,6.565802574157715,-5.870800495147705,1
Clemson_p291_c2_grm_std_uni,1,5.961626052856445,-5.545878887176514,1
Clemson_p291_c2_grm_std_uni,1,6.130483627319336,-6.19471549987793,1
Clemson_p291_c2_grm_std_uni,1,6.179807186126709,-6.584118843078613,1
Clemson_p291_c2_grm_std_uni,1,6.0587358474731445,-6.34345817565918,1
Clemson_p291_c2_grm_std_uni,1,6.0034613609313965,-6.049688816070557,1
Clemson_p291_c2_grm_std_uni,1,5.983450412750244,-5.822286128997803,1
Clemson_p291_c2_grm_std_uni,1,6.088467121124268,-5.723406791687012,1
Clemson_p291_c2_grm_std_uni,1,6.264523506164551,-5.718859672546387,1
Clemson_p291_c2_grm_std_uni,1,6.346298694610596,-5.642942428588867,1
Clemson_p291_c2_grm_std_uni,1,6.334704875946045,-5.698992729187012,1
Clemson_p291_c2_grm_std_uni,1,6.455659866333008,-5.813417434692383,1
Clemson_p291_c2_grm_std_uni,1,6.029286861419678,-5.4034223556518555,1
Clemson_p291_c2_grm_std_uni,1,5.927614212036133,-5.33684778213501,1
Clemson_p291_c2_grm_std_uni,1,6.061669826507568,-5.642963886260986,1
Clemson_p291_c2_grm_std_uni,1,6.07756233215332,-5.742178440093994,1
Clemson_p291_c2_grm_std_uni,1,6.290945529937744,-5.8401665687561035,1
Clemson_p291_c2_grm_std_uni,1,6.089209079742432,-5.508026123046875,1
Clemson_p291_c2_grm_std_uni,1,5.982048988342285,-5.3939208984375,1
Clemson_p291_c2_grm_std_uni,1,5.800493240356445,-5.203075885772705,1
Clemson_p291_c2_grm_std_uni,1,5.618373394012451,-5.037045478820801,1
Clemson_p291_c2_grm_std_uni,1,5.805999755859375,-5.248988151550293,1
Clemson_p291_c2_grm_std_uni,1,5.910536766052246,-5.358499050140381,1
Clemson_p291_c2_grm_std_uni,1,5.77340030670166,-5.229200839996338,1
Clemson_p291_c2_grm_std_uni,1,5.611824035644531,-5.058809280395508,1
Clemson_p291_c2_grm_std_uni,1,5.238924980163574,-4.757471084594727,1
Clemson_p291_c2_grm_std_uni,1,5.498482704162598,-5.139108180999756,1
Clemson_p291_c2_grm_std_uni,1,5.586416244506836,-5.267271518707275,1
Clemson_p291_c2_grm_std_uni,1,5.5930070877075195,-5.25124454498291,1
Clemson_p291_c2_grm_std_uni,1,5.695952415466309,-5.312312602996826,1
Clemson_p291_c2_grm_std_uni,1,5.564703464508057,-5.149134159088135,1
Clemson_p291_c2_grm_std_uni,1,5.5227203369140625,-5.08748197555542,1
Clemson_p291_c2_grm_std_uni,1,5.696252346038818,-5.1938676834106445,1
Clemson_p291_c2_grm_std_uni,1,5.892378807067871,-5.2590250968933105,1
Clemson_p291_c2_grm_std_uni,1,5.865105628967285,-5.212205410003662,1
Clemson_p291_c2_grm_std_uni,1,5.700437545776367,-5.093883991241455,1
Clemson_p291_c2_grm_std_uni,1,5.111138820648193,-4.509664058685303,1
Clemson_p291_c2_grm_std_uni,1,3.0564675331115723,-2.6635632514953613,1
Clemson_p291_c2_grm_std_uni,1,2.0650548934936523,-2.029615640640259,1
Clemson_p291_c2_grm_std_uni,1,2.6525089740753174,-3.154754400253296,1
Clemson_p291_c2_grm_std_uni,1,4.944377422332764,-5.085926532745361,1
Clemson_p291_c2_grm_std_uni,1,5.263890743255615,-5.718130111694336,1
Clemson_p291_c2_grm_std_uni,1,5.409251689910889,-5.881575584411621,1
Clemson_p291_c2_grm_std_uni,1,5.445504188537598,-5.634085655212402,1
Clemson_p291_c2_grm_std_uni,1,6.657384872436523,-6.133753299713135,1
Clemson_p291_c2_grm_std_uni,1,7.583642959594727,-6.810190200805664,1
Clemson_p291_c2_grm_std_uni,1,7.6710381507873535,-7.067534923553467,1
Clemson_p291_c2_grm_std_uni,1,7.462862014770508,-7.0565361976623535,1
Clemson_p291_c2_grm_std_uni,1,7.118337631225586,-6.833450794219971,1
Clemson_p291_c2_grm_std_uni,1,6.827302932739258,-6.658972263336182,1
Clemson_p291_c2_grm_std_uni,1,6.654597759246826,-6.5886406898498535,1
Clemson_p291_c2_grm_std_uni,1,6.559884548187256,-6.588227272033691,1
Clemson_p291_c2_grm_std_uni,1,5.941317081451416,-5.973139762878418,1
Clemson_p291_c2_grm_std_uni,1,6.077685356140137,-6.039804935455322,1
Clemson_p291_c2_grm_std_uni,1,6.507603168487549,-6.7752509117126465,1
Clemson_p291_c2_grm_std_uni,1,6.525063991546631,-6.7043867111206055,1
Clemson_p291_c2_grm_std_uni,1,6.2783308029174805,-6.271327018737793,1
Clemson_p291_c2_grm_std_uni,1,5.926018714904785,-5.8821563720703125,1
Clemson_p291_c2_grm_std_uni,1,5.841668605804443,-5.744087219238281,1
Clemson_p291_c2_grm_std_uni,1,6.265214443206787,-5.945368766784668,1
Clemson_p291_c2_grm_std_uni,1,6.758594036102295,-6.338357448577881,1
Clemson_p291_c2_grm_std_uni,1,6.732485294342041,-6.480924129486084,1
Clemson_p291_c2_grm_std_uni,2,6.609625816345215,-6.477931022644043,1
Clemson_p291_c2_grm_std_uni,2,6.342564105987549,-6.439116954803467,1
Clemson_p291_c2_grm_std_uni,2,6.016793727874756,-6.453140735626221,1
Clemson_p291_c2_grm_std_uni,2,5.7694478034973145,-6.318003177642822,1
Clemson_p291_c2_grm_std_uni,2,5.653571128845215,-6.14456844329834,1
Clemson_p291_c2_grm_std_uni,2,5.623499870300293,-6.036438465118408,1
Clemson_p291_c2_grm_std_uni,2,5.624738693237305,-6.039539813995361,1
Clemson_p291_c2_grm_std_uni,2,5.829202175140381,-6.084113121032715,1
Clemson_p291_c2_grm_std_uni,2,5.989582538604736,-6.060570240020752,1
Clemson_p291_c2_grm_std_uni,2,6.0402421951293945,-6.069446086883545,1
Clemson_p291_c2_grm_std_uni,2,5.86040735244751,-5.9790849685668945,1
Clemson_p291_c2_grm_std_uni,2,5.4688286781311035,-5.5136284828186035,1
Clemson_p291_c2_grm_std_uni,2,5.2907819747924805,-5.147403240203857,1
Clemson_p291_c2_grm_std_uni,2,5.641031742095947,-5.402856349945068,1
Clemson_p291_c2_grm_std_uni,2,5.134494304656982,-5.212347984313965,1
Clemson_p291_c2_grm_std_uni,2,4.796819686889648,-4.755241394042969,1
Clemson_p291_c2_grm_std_uni,2,4.666822910308838,-4.543902397155762,1
Clemson_p291_c2_grm_std_uni,2,4.788271903991699,-4.494016170501709,1
Clemson_p291_c2_grm_std_uni,2,4.838733196258545,-4.599145889282227,1
Clemson_p291_c2_grm_std_uni,2,4.535042762756348,-4.458342552185059,1
Clemson_p291_c2_grm_std_uni,2,4.18431282043457,-4.222601890563965,1
Clemson_p291_c2_grm_std_uni,2,3.7143161296844482,-4.037028789520264,1
Clemson_p291_c2_grm_std_uni,2,2.5849061012268066,-3.2835676670074463,1
Clemson_p291_c2_grm_std_uni,2,1.2054574489593506,-2.2752702236175537,1
Clemson_p291_c2_grm_std_uni,2,1.8180369138717651,-2.9232263565063477,1
Clemson_p291_c2_grm_std_uni,2,3.069667339324951,-3.9190969467163086,1
Clemson_p291_c2_grm_std_uni,2,3.4916980266571045,-3.9886162281036377,1
Clemson_p291_c2_grm_std_uni,2,3.9842770099639893,-4.278994560241699,1
Clemson_p291_c2_grm_std_uni,2,5.251287937164307,-5.34004545211792,1
Clemson_p291_c2_grm_std_uni,2,5.7422194480896,-5.7188029289245605,1
Clemson_p291_c2_grm_std_uni,2,5.740418910980225,-5.609436511993408,1
Clemson_p291_c2_grm_std_uni,2,5.691597938537598,-5.504771709442139,1
Clemson_p291_c2_grm_std_uni,2,5.803569316864014,-5.546478271484375,1
Clemson_p291_c2_grm_std_uni,2,5.504217624664307,-5.320494651794434,1
Clemson_p291_c2_grm_std_uni,2,3.0032293796539307,-2.631108522415161,1
Clemson_p291_c2_grm_std_uni,2,0.23543350398540497,0.028828801587224007,2
Clemson_p291_c2_grm_std_uni,2,1.691177487373352,-1.9005358219146729,1
Clemson_p291_c2_grm_std_uni,2,4.46760892868042,-4.500543594360352,1
Clemson_p291_c2_grm_std_uni,2,5.403315544128418,-5.224433898925781,1
Clemson_p291_c2_grm_std_uni,2,5.161159992218018,-4.747605800628662,1
Clemson_p291_c2_grm_std_uni,2,6.912867069244385,-6.862467288970947,1
Clemson_p291_c2_grm_std_uni,1,7.340558052062988,-7.2027788162231445,1
Clemson_p291_c2_grm_std_uni,1,7.463143348693848,-7.373291015625,1
Clemson_p291_c2_grm_std_uni,1,7.460886478424072,-7.398348808288574,1
Clemson_p291_c2_grm_std_uni,1,7.459366798400879,-7.3760528564453125,1
Clemson_p291_c2_grm_std_uni,1,7.355544090270996,-7.170236110687256,1
Clemson_p291_c2_grm_std_uni,1,7.161634922027588,-6.834693908691406,1
Clemson_p291_c2_grm_std_uni,1,6.679333209991455,-6.263667106628418,1
Clemson_p291_c2_grm_std_uni,1,3.5420782566070557,-3.19673490524292,1
Clemson_p291_c2_grm_std_uni,1,3.9058573246002197,-3.0746660232543945,1
Clemson_p291_c2_grm_std_uni,1,4.944169521331787,-4.6302571296691895,1
Clemson_p291_c2_grm_std_uni,1,5.711244583129883,-5.380020618438721,1
Clemson_p291_c2_grm_std_uni,1,6.044219970703125,-5.5942888259887695,1
Clemson_p291_c2_grm_std_uni,1,6.1751556396484375,-5.811298847198486,1
Clemson_p291_c2_grm_std_uni,1,5.973958492279053,-6.1095476150512695,1
Clemson_p291_c2_grm_std_uni,1,6.631834506988525,-6.21401834487915,1
Clemson_p291_c2_grm_std_uni,1,6.926482677459717,-6.744894027709961,1
Clemson_p291_c2_grm_std_uni,1,6.522800922393799,-7.235024452209473,1
Clemson_p291_c2_grm_std_uni,1,6.607161045074463,-7.5529351234436035,1
Clemson_p291_c2_grm_std_uni,1,7.015420913696289,-7.722210884094238,1
Clemson_p291_c2_grm_std_uni,1,7.337447166442871,-7.319605827331543,1
Clemson_p291_c2_grm_std_uni,1,7.346924781799316,-7.002556800842285,1
Clemson_p291_c2_grm_std_uni,1,6.845832824707031,-6.447143077850342,1
Clemson_p291_c2_grm_std_uni,1,6.785534381866455,-6.399115085601807,1
Clemson_p291_c2_grm_std_uni,1,7.270648002624512,-6.933481216430664,1
Clemson_p291_c2_grm_std_uni,1,7.329024314880371,-7.0568623542785645,1
Clemson_p291_c2_grm_std_uni,1,7.3352370262146,-6.954592227935791,1
Clemson_p291_c2_grm_std_uni,1,7.188512802124023,-6.665652275085449,1
Clemson_p291_c2_grm_std_uni,1,6.79572057723999,-6.286160469055176,1
Clemson_p291_c2_grm_std_uni,1,6.288051128387451,-5.878269672393799,1
Clemson_p291_c2_grm_std_uni,1,6.204652786254883,-5.961738109588623,1
Clemson_p291_c2_grm_std_uni,1,6.158135890960693,-5.923588275909424,1
Clemson_p291_c2_grm_std_uni,1,5.901117324829102,-5.32492733001709,1
Clemson_p291_c2_grm_std_uni,1,5.985604763031006,-5.278532028198242,1
Clemson_p291_c2_grm_std_uni,1,6.376193046569824,-5.946924209594727,1
Clemson_p291_c2_grm_std_uni,1,6.418234348297119,-6.3004326820373535,1
Clemson_p291_c2_grm_std_uni,1,6.379270076751709,-6.346198081970215,1
Clemson_p291_c2_grm_std_uni,1,5.912280082702637,-5.9999098777771,1
Clemson_p291_c2_grm_std_uni,1,5.2870917320251465,-5.375468730926514,1
Clemson_p291_c2_grm_std_uni,1,5.924320697784424,-6.143829822540283,1
Clemson_p291_c2_grm_std_uni,1,6.29095458984375,-6.46668004989624,1
Clemson_p291_c2_grm_std_uni,1,6.315344333648682,-6.411249160766602,1
Clemson_p291_c2_grm_std_uni,1,6.265533924102783,-6.1230058670043945,1
Clemson_p291_c2_grm_std_uni,1,5.960307598114014,-5.769441604614258,1
Clemson_p291_c2_grm_std_uni,1,6.247283458709717,-6.025183200836182,1
Clemson_p291_c2_grm_std_uni,2,6.276080131530762,-6.222768306732178,1
Clemson_p291_c2_grm_std_uni,2,5.799257755279541,-5.788231372833252,1
Clemson_p291_c2_grm_std_uni,2,4.569511413574219,-4.670266628265381,1
Clemson_p291_c2_grm_std_uni,2,3.8594181537628174,-4.393074035644531,1
Clemson_p291_c2_grm_std_uni,2,4.730368614196777,-5.239626884460449,1
Clemson_p291_c2_grm_std_uni,2,4.77372407913208,-5.32132625579834,1
Clemson_p291_c2_grm_std_uni,2,4.7015380859375,-5.132619380950928,1
Clemson_p291_c2_grm_std_uni,2,4.5728936195373535,-4.820518493652344,1
Clemson_p291_c2_grm_std_uni,2,4.070441246032715,-4.280528545379639,1
Clemson_p291_c2_grm_std_uni,2,4.294424057006836,-4.5942606925964355,1
Clemson_p291_c2_grm_std_uni,2,3.8203232288360596,-4.174550533294678,1
Clemson_p291_c2_grm_std_uni,2,3.428562641143799,-3.689674139022827,1
Clemson_p291_c2_grm_std_uni,2,4.260144233703613,-4.366854667663574,1
Clemson_p291_c2_grm_std_uni,2,4.268486499786377,-4.290964126586914,1
Clemson_p291_c2_grm_std_uni,2,4.390476703643799,-4.076803684234619,1
Clemson_p291_c2_grm_std_uni,2,4.233259677886963,-3.5694265365600586,1
Clemson_p291_c2_grm_std_uni,2,3.7026634216308594,-3.1264383792877197,1
Clemson_p291_c2_grm_std_uni,2,3.4162278175354004,-3.1238317489624023,1
Clemson_p291_c2_grm_std_uni,2,4.009371280670166,-4.091185092926025,1
Clemson_p291_c2_grm_std_uni,2,3.870966911315918,-4.1442179679870605,1
Clemson_p291_c2_grm_std_uni,2,2.7699811458587646,-3.347360134124756,1
Clemson_p291_c2_grm_std_uni,2,0.7219440937042236,-1.6993584632873535,1
Clemson_p291_c2_grm_std_uni,2,0.5949169397354126,-1.6284739971160889,1
Clemson_p291_c2_grm_std_uni,2,3.0616204738616943,-3.903562068939209,1
Clemson_p291_c2_grm_std_uni,2,3.85577392578125,-4.459595203399658,1
Clemson_p291_c2_grm_std_uni,2,4.417683124542236,-4.678249835968018,1
Clemson_p291_c2_grm_std_uni,2,4.6176323890686035,-4.660756587982178,1
Clemson_p291_c2_grm_std_uni,2,4.535090446472168,-4.465131759643555,1
Clemson_p291_c2_grm_std_uni,2,2.266016721725464,-1.947624683380127,1
Clemson_p291_c2_grm_std_uni,2,-0.35385242104530334,0.8840741515159607,2
Clemson_p291_c2_grm_std_uni,2,0.4646626114845276,-0.3429689109325409,1
Clemson_p291_c2_grm_std_uni,2,3.260991096496582,-3.0767619609832764,1
Clemson_p291_c2_grm_std_uni,2,4.624051094055176,-4.172797203063965,1
Clemson_p291_c2_grm_std_uni,2,5.326912879943848,-4.6276044845581055,1
Clemson_p291_c2_grm_std_uni,2,5.500643730163574,-4.774909496307373,1
Clemson_p291_c2_grm_std_uni,2,5.080695629119873,-4.916637897491455,1
Clemson_p291_c2_grm_std_uni,1,6.631595134735107,-5.819041728973389,1
Clemson_p291_c2_grm_std_uni,1,7.354949951171875,-6.263070106506348,1
Clemson_p291_c2_grm_std_uni,1,7.169684410095215,-5.877259254455566,1
Clemson_p291_c2_grm_std_uni,1,5.60504150390625,-4.7591776847839355,1
Clemson_p291_c2_grm_std_uni,1,5.402759075164795,-4.8780837059021,1
Clemson_p291_c2_grm_std_uni,1,5.608453750610352,-5.602541923522949,1
Clemson_p291_c2_grm_std_uni,1,5.927020072937012,-6.049565315246582,1
Clemson_p291_c2_grm_std_uni,1,6.229251384735107,-6.269716262817383,1
Clemson_p291_c2_grm_std_uni,1,6.510368824005127,-6.285470008850098,1
Clemson_p291_c2_grm_std_uni,1,7.435840129852295,-6.833868980407715,1
Clemson_p291_c2_grm_std_uni,1,7.8977813720703125,-7.079848766326904,1
Clemson_p291_c2_grm_std_uni,1,7.092865943908691,-6.349339485168457,1
Clemson_p291_c2_grm_std_uni,1,7.18337869644165,-6.48911714553833,1
Clemson_p291_c2_grm_std_uni,1,7.534048557281494,-7.001553535461426,1
Clemson_p291_c2_grm_std_uni,1,6.834565162658691,-6.143576145172119,1
Clemson_p291_c2_grm_std_uni,1,5.124574184417725,-4.960414409637451,1
Clemson_p291_c2_grm_std_uni,1,5.1335883140563965,-5.114755153656006,1
Clemson_p291_c2_grm_std_uni,1,5.985833168029785,-5.672629356384277,1
Clemson_p291_c2_grm_std_uni,1,6.829267501831055,-6.192360877990723,1
Clemson_p291_c2_grm_std_uni,1,7.069895267486572,-6.306559085845947,1
Clemson_p291_c2_grm_std_uni,1,6.733311176300049,-5.9980363845825195,1
Clemson_p291_c2_grm_std_uni,1,6.2703704833984375,-5.810255527496338,1
Clemson_p291_c2_grm_std_uni,1,5.987908363342285,-5.673927307128906,1
Clemson_p291_c2_grm_std_uni,1,5.504811763763428,-5.485953330993652,1
Clemson_p291_c2_grm_std_uni,1,5.299481391906738,-5.429036617279053,1
Clemson_p291_c2_grm_std_uni,1,5.719941139221191,-5.935311317443848,1
Clemson_p291_c2_grm_std_uni,1,5.703111171722412,-6.001583576202393,1
Clemson_p291_c2_grm_std_uni,1,5.44072961807251,-5.919708728790283,1
Clemson_p291_c2_grm_std_uni,1,5.302537441253662,-5.604764938354492,1
Clemson_p291_c2_grm_std_uni,1,5.181203365325928,-5.1962480545043945,1
Clemson_p291_c2_grm_std_uni,1,5.01443338394165,-4.966184616088867,1
Clemson_p291_c2_grm_std_uni,1,4.652338027954102,-4.913966655731201,1
Clemson_p291_c2_grm_std_uni,1,3.49871826171875,-3.981145143508911,1
Clemson_p291_c2_grm_std_uni,1,2.28240704536438,-3.226088047027588,1
Clemson_p291_c2_grm_std_uni,1,3.835523843765259,-4.372910976409912,1
Clemson_p291_c2_grm_std_uni,1,5.074957370758057,-5.312829494476318,1
Clemson_p291_c2_grm_std_uni,1,5.317952632904053,-5.309054374694824,1
Clemson_p291_c2_grm_std_uni,1,5.436647891998291,-5.1920294761657715,1
Clemson_p291_c2_grm_std_uni,1,5.4023308753967285,-5.118770122528076,1
Clemson_p291_c2_grm_std_uni,1,5.177690505981445,-4.94921875,1
Clemson_p291_c2_grm_std_uni,1,5.5759806632995605,-5.3078694343566895,1
Clemson_p291_c2_grm_std_uni,1,5.477224349975586,-5.249858379364014,1
Clemson_p291_c2_grm_std_uni,1,5.221782207489014,-5.054074287414551,1
Clemson_p291_c2_grm_std_uni,1,5.283538341522217,-5.1054229736328125,1
Clemson_p291_c2_grm_std_uni,1,5.3529462814331055,-5.13549280166626,1
Clemson_p291_c2_grm_std_uni,1,5.290139675140381,-5.081106662750244,1
Clemson_p291_c2_grm_std_uni,1,5.206700325012207,-5.034243106842041,1
Clemson_p291_c2_grm_std_uni,1,5.140833377838135,-4.9778056144714355,1
Clemson_p291_c2_grm_std_uni,1,5.0582475662231445,-4.858994007110596,1
Clemson_p291_c2_grm_std_uni,1,4.671551704406738,-4.351346969604492,1
Clemson_p291_c2_grm_std_uni,1,4.232901573181152,-3.730821371078491,1
Clemson_p291_c2_grm_std_uni,1,4.314580917358398,-4.145693778991699,1
Clemson_p291_c2_grm_std_uni,1,4.063118934631348,-4.089266777038574,1
Clemson_p291_c2_grm_std_uni,1,4.101791858673096,-4.169971942901611,1
Clemson_p291_c2_grm_std_uni,1,4.372868537902832,-4.317245960235596,1
Clemson_p291_c2_grm_std_uni,1,4.302029132843018,-4.289090633392334,1
Clemson_p291_c2_grm_std_uni,1,4.251091957092285,-4.144008636474609,1
Clemson_p291_c2_grm_std_uni,1,4.533315181732178,-4.065784454345703,1
Clemson_p291_c2_grm_std_uni,1,4.580748081207275,-3.920856237411499,1
Clemson_p291_c2_grm_std_uni,1,4.557920455932617,-4.248367786407471,1
Clemson_p291_c2_grm_std_uni,1,4.191410541534424,-4.055703163146973,1
Clemson_p291_c2_grm_std_uni,1,3.4530181884765625,-3.3208186626434326,1
Clemson_p291_c2_grm_std_uni,1,4.006528854370117,-3.750941038131714,1
Clemson_p291_c2_grm_std_uni,1,4.193502426147461,-3.905515193939209,1
Clemson_p291_c2_grm_std_uni,1,4.162795066833496,-3.9306437969207764,1
Clemson_p291_c2_grm_std_uni,1,4.237361431121826,-4.06277322769165,1
Clemson_p291_c2_grm_std_uni,1,4.4497761726379395,-4.259359836578369,1
Clemson_p291_c2_grm_std_uni,1,4.588148593902588,-4.383876323699951,1
Clemson_p291_c2_grm_std_uni,1,4.5185346603393555,-4.240933895111084,1
Clemson_p291_c2_grm_std_uni,1,4.56887149810791,-4.1884589195251465,1
Clemson_p291_c2_grm_std_uni,1,4.556094646453857,-4.202454566955566,1
Clemson_p291_c2_grm_std_uni,1,4.345300674438477,-3.987694501876831,1
Clemson_p291_c2_grm_std_uni,1,4.002603530883789,-3.6554806232452393,1
Clemson_p291_c2_grm_std_uni,1,4.318416118621826,-4.056546211242676,1
Clemson_p291_c2_grm_std_uni,1,4.611669063568115,-4.358804702758789,1
Clemson_p291_c2_grm_std_uni,1,4.7755208015441895,-4.471424579620361,1
Clemson_p291_c2_grm_std_uni,1,4.8839802742004395,-4.482317924499512,1
Clemson_p291_c2_grm_std_uni,1,4.730672836303711,-4.245953559875488,1
Clemson_p291_c2_grm_std_uni,1,4.664316177368164,-4.221093654632568,1
Clemson_p291_c2_grm_std_uni,1,4.808351516723633,-4.424719333648682,1
Clemson_p291_c2_grm_std_uni,1,4.905618190765381,-4.545182704925537,1
Clemson_p291_c2_grm_std_uni,1,4.8562798500061035,-4.44780969619751,1
Clemson_p291_c2_grm_std_uni,1,4.913914680480957,-4.4578704833984375,1
Clemson_p291_c2_grm_std_uni,1,4.958327770233154,-4.456832408905029,1
Clemson_p291_c2_grm_std_uni,1,4.921919822692871,-4.42886209487915,1
Clemson_p291_c2_grm_std_uni,1,5.139398574829102,-4.676339626312256,1
Clemson_p291_c2_grm_std_uni,1,4.952227592468262,-4.5955095291137695,1
Clemson_p291_c2_grm_std_uni,1,4.929230213165283,-4.661013126373291,1
Clemson_p291_c2_grm_std_uni,1,4.9064741134643555,-4.640104293823242,1
Clemson_p291_c2_grm_std_uni,1,4.841322422027588,-4.496853828430176,1
Clemson_p291_c2_grm_std_uni,1,5.058080673217773,-4.615484237670898,1
Clemson_p291_c2_grm_std_uni,1,5.357665538787842,-4.856962203979492,1
Clemson_p291_c2_grm_std_uni,1,5.291701316833496,-4.843228816986084,1
Clemson_p291_c2_grm_std_uni,1,5.232400417327881,-4.819302558898926,1
Clemson_p291_c2_grm_std_uni,1,5.419441223144531,-4.965958118438721,1
Clemson_p291_c2_grm_std_uni,1,5.316718578338623,-4.937463283538818,1
Clemson_p291_c2_grm_std_uni,1,5.175973892211914,-4.797450542449951,1
Clemson_p291_c2_grm_std_uni,1,5.002309799194336,-4.585906982421875,1
Clemson_p291_c2_grm_std_uni,1,3.9898126125335693,-3.678636074066162,1
Clemson_p291_c2_grm_std_uni,1,1.4139131307601929,-1.6569525003433228,1
Clemson_p291_c2_grm_std_uni,1,2.5741240978240967,-3.5308945178985596,1
Clemson_p291_c2_grm_std_uni,1,4.859447956085205,-5.4426445960998535,1
Clemson_p291_c2_grm_std_uni,1,4.953392028808594,-5.399594306945801,1
Clemson_p291_c2_grm_std_uni,1,5.268805980682373,-5.222860336303711,1
Clemson_p291_c2_grm_std_uni,1,4.695565700531006,-4.4094557762146,1
Clemson_p291_c2_grm_std_uni,1,5.438872814178467,-4.855262279510498,1
Clemson_p291_c2_grm_std_uni,1,6.145946025848389,-5.60798454284668,1
Clemson_p291_c2_grm_std_uni,1,5.884787082672119,-5.358144760131836,1
Clemson_p291_c2_grm_std_uni,1,5.6197638511657715,-5.069466590881348,1
Clemson_p291_c2_grm_std_uni,1,5.337405681610107,-4.572011470794678,1
Clemson_p291_c2_grm_std_uni,1,4.670341968536377,-3.9708313941955566,1
Clemson_p291_c2_grm_std_uni,1,4.536954402923584,-3.839587450027466,1
Clemson_p291_c2_grm_std_uni,1,4.745706081390381,-4.330384731292725,1
Clemson_p291_c2_grm_std_uni,1,4.667784690856934,-4.397837162017822,1
Clemson_p291_c2_grm_std_uni,1,3.7656338214874268,-3.4531185626983643,1
Clemson_p291_c2_grm_std_uni,1,3.4943299293518066,-3.163400888442993,1
Clemson_p291_c2_grm_std_uni,1,4.363259315490723,-4.027864456176758,1
Clemson_p291_c2_grm_std_uni,1,5.183990001678467,-4.817262649536133,1
Clemson_p291_c2_grm_std_uni,1,5.335216999053955,-4.90576696395874,1
Clemson_p291_c2_grm_std_uni,1,5.217590808868408,-4.810366153717041,1
Clemson_p291_c2_grm_std_uni,1,4.97112512588501,-4.547974109649658,1
Clemson_p291_c2_grm_std_uni,1,3.948941946029663,-3.6334030628204346,1
Clemson_p291_c2_grm_std_uni,1,3.9113645553588867,-3.6644692420959473,1
Clemson_p291_c2_grm_std_uni,1,4.026142597198486,-3.7739055156707764,1
Clemson_p291_c2_grm_std_uni,1,4.456387042999268,-4.275355815887451,1
Clemson_p291_c2_grm_std_uni,1,4.635887145996094,-4.480029106140137,1
Clemson_p291_c2_grm_std_uni,1,4.972493648529053,-4.683022975921631,1
Clemson_p291_c2_grm_std_uni,1,4.6919331550598145,-4.3052167892456055,1
Clemson_p291_c2_grm_std_uni,1,3.963203191757202,-3.5089592933654785,1
Clemson_p291_c2_grm_std_uni,1,3.9728331565856934,-3.4891860485076904,1
Clemson_p291_c2_grm_std_uni,1,3.9036383628845215,-3.4500741958618164,1
Clemson_p291_c2_grm_std_uni,1,4.346485614776611,-3.829070568084717,1
Clemson_p291_c2_grm_std_uni,1,4.8611674308776855,-4.377071857452393,1
Clemson_p291_c2_grm_std_uni,1,4.858120918273926,-4.394937515258789,1
Clemson_p291_c2_grm_std_uni,1,4.42121696472168,-3.9297709465026855,1
Clemson_p291_c2_grm_std_uni,1,3.010640859603882,-2.6487033367156982,1
Clemson_p291_c2_grm_std_uni,1,2.7335381507873535,-2.5000545978546143,1
Clemson_p291_c2_grm_std_uni,1,3.5196759700775146,-3.4279801845550537,1
Clemson_p291_c2_grm_std_uni,1,3.862452745437622,-3.813788652420044,1
Clemson_p291_c2_grm_std_uni,1,4.099948406219482,-4.133386135101318,1
Clemson_p291_c2_grm_std_uni,1,4.1903533935546875,-4.272070407867432,1
Clemson_p291_c2_grm_std_uni,1,4.0988359451293945,-4.045316219329834,1
Clemson_p291_c2_grm_std_uni,1,3.8098397254943848,-3.660290241241455,1
Clemson_p291_c2_grm_std_uni,1,4.487884044647217,-3.8099567890167236,1
Clemson_p291_c2_grm_std_uni,1,5.083499431610107,-4.125768184661865,1
Clemson_p291_c2_grm_std_uni,1,5.238673686981201,-4.0524983406066895,1
Clemson_p291_c2_grm_std_uni,1,5.058390140533447,-3.5735714435577393,1
Clemson_p291_c2_grm_std_uni,1,4.536261558532715,-3.023247241973877,1
Clemson_p291_c2_grm_std_uni,1,5.015670299530029,-4.301476001739502,1
Clemson_p291_c2_grm_std_uni,1,4.36543607711792,-3.7340166568756104,1
Clemson_p291_c2_grm_std_uni,1,0.6601372361183167,-0.5500431656837463,1
Clemson_p291_c2_grm_std_uni,1,1.8823744058609009,-2.094796657562256,1
Clemson_p291_c2_grm_std_uni,1,4.618481159210205,-4.67931604385376,1
Clemson_p291_c2_grm_std_uni,1,5.223906517028809,-5.0725226402282715,1
Clemson_p291_c2_grm_std_uni,1,5.888800621032715,-5.388438701629639,1
Clemson_p291_c2_grm_std_uni,1,5.7771711349487305,-5.721131801605225,1
Clemson_p291_c2_grm_std_uni,1,6.275530815124512,-6.112391471862793,1
Clemson_p291_c2_grm_std_uni,1,7.132800102233887,-6.552279949188232,1
Clemson_p291_c2_grm_std_uni,1,7.710472106933594,-7.263529300689697,1
Clemson_p291_c2_grm_std_uni,1,8.123124122619629,-7.54298210144043,1
Clemson_p291_c2_grm_std_uni,1,8.0155611038208,-7.330041885375977,1
Clemson_p291_c2_grm_std_uni,1,7.4040703773498535,-6.636925220489502,1
Clemson_p291_c2_grm_std_uni,1,4.690890789031982,-4.082620620727539,1
Clemson_p291_c2_grm_std_uni,1,4.552262306213379,-4.038036823272705,1
Clemson_p291_c2_grm_std_uni,1,5.490235328674316,-4.77747106552124,1
Clemson_p291_c2_grm_std_uni,1,5.792378902435303,-5.080448627471924,1
Clemson_p291_c2_grm_std_uni,1,6.012174129486084,-5.243834972381592,1
Clemson_p291_c2_grm_std_uni,1,5.429192543029785,-4.909928798675537,1
Clemson_p291_c2_grm_std_uni,1,7.374069690704346,-6.576479434967041,1
Clemson_p291_c2_grm_std_uni,1,8.718234062194824,-7.786208629608154,1
Clemson_p291_c2_grm_std_uni,1,9.186675071716309,-8.559982299804688,1
Clemson_p291_c2_grm_std_uni,1,9.000581741333008,-8.673995018005371,1
Clemson_p291_c2_grm_std_uni,1,8.368541717529297,-8.196260452270508,1
Clemson_p291_c2_grm_std_uni,1,7.8003926277160645,-7.536653995513916,1
Clemson_p291_c2_grm_std_uni,1,7.015181541442871,-6.5095696449279785,1
Clemson_p291_c2_grm_std_uni,1,5.534890174865723,-5.368954181671143,1
Clemson_p291_c2_grm_std_uni,1,5.192675590515137,-5.36460542678833,1
Clemson_p291_c2_grm_std_uni,1,5.294814586639404,-5.98618745803833,1
Clemson_p291_c2_grm_std_uni,1,5.521413326263428,-6.157990455627441,1
Clemson_p291_c2_grm_std_uni,1,5.252665042877197,-5.908627510070801,1
Clemson_p291_c2_grm_std_uni,1,6.171206951141357,-6.908381938934326,1
Clemson_p291_c2_grm_std_uni,1,5.962643623352051,-6.3478312492370605,1
Clemson_p291_c2_grm_std_uni,2,6.245043754577637,-6.196206569671631,1
Clemson_p291_c2_grm_std_uni,2,6.024550914764404,-6.201002597808838,1
Clemson_p291_c2_grm_std_uni,2,6.270142555236816,-6.350050449371338,1
Clemson_p291_c2_grm_std_uni,2,6.308199882507324,-6.343823432922363,1
Clemson_p291_c2_grm_std_uni,2,6.034093379974365,-6.184299945831299,1
Clemson_p291_c2_grm_std_uni,2,5.703007698059082,-5.853666305541992,1
Clemson_p291_c2_grm_std_uni,2,5.50520658493042,-5.603316307067871,1
Clemson_p291_c2_grm_std_uni,2,5.4721479415893555,-5.420232772827148,1
Clemson_p291_c2_grm_std_uni,2,5.669409275054932,-5.4065446853637695,1
Clemson_p291_c2_grm_std_uni,2,5.758669376373291,-5.272843360900879,1
Clemson_p291_c2_grm_std_uni,2,5.7402262687683105,-5.151725769042969,1
Clemson_p291_c2_grm_std_uni,2,5.589014530181885,-5.036057949066162,1
Clemson_p291_c2_grm_std_uni,2,5.390411853790283,-5.001584053039551,1
Clemson_p291_c2_grm_std_uni,2,5.196644306182861,-4.952355861663818,1
Clemson_p291_c2_grm_std_uni,2,5.057538032531738,-4.897070407867432,1
Clemson_p291_c2_grm_std_uni,2,4.953301906585693,-4.832863807678223,1
Clemson_p291_c2_grm_std_uni,2,4.8702239990234375,-4.728003978729248,1
Clemson_p291_c2_grm_std_uni,2,4.812719821929932,-4.618659973144531,1
Clemson_p291_c2_grm_std_uni,2,4.840236186981201,-4.576156139373779,1
Clemson_p291_c2_grm_std_uni,2,4.909045219421387,-4.529353141784668,1
Clemson_p291_c2_grm_std_uni,2,4.911336421966553,-4.338357925415039,1
Clemson_p291_c2_grm_std_uni,2,4.893676280975342,-4.136568546295166,1
Clemson_p291_c2_grm_std_uni,2,4.835359573364258,-4.146923065185547,1
Clemson_p291_c2_grm_std_uni,2,4.6646647453308105,-4.052031993865967,1
Clemson_p291_c2_grm_std_uni,2,4.418210506439209,-3.8653616905212402,1
Clemson_p291_c2_grm_std_uni,2,-1.3799024820327759,1.9822794198989868,2
Clemson_p291_c2_grm_std_uni,2,-2.254925012588501,2.2264106273651123,1
Clemson_p291_c2_grm_std_uni,2,2.4716334342956543,-1.3748959302902222,1
Clemson_p291_c2_grm_std_uni,2,5.072537422180176,-4.110610485076904,1
Clemson_p291_c2_grm_std_uni,2,5.6974873542785645,-4.402872562408447,1
Clemson_p291_c2_grm_std_uni,2,6.10006856918335,-5.012507915496826,1
Clemson_p291_c2_grm_std_uni,1,6.195468425750732,-5.227482318878174,1
Clemson_p291_c2_grm_std_uni,1,5.475006103515625,-4.354334354400635,1
Clemson_p291_c2_grm_std_uni,1,4.982293128967285,-3.8334689140319824,1
Clemson_p291_c2_grm_std_uni,1,5.391170024871826,-4.36458683013916,1
Clemson_p291_c2_grm_std_uni,1,5.452857494354248,-4.643134117126465,1
Clemson_p291_c2_grm_std_uni,1,5.253503799438477,-4.767059326171875,1
Clemson_p291_c2_grm_std_uni,1,5.221740245819092,-4.941658973693848,1
Clemson_p291_c2_grm_std_uni,1,5.078484535217285,-4.911932945251465,1
Clemson_p291_c2_grm_std_uni,1,4.894701957702637,-4.541660785675049,1
Clemson_p291_c2_grm_std_uni,2,5.483007431030273,-5.103930473327637,1
Clemson_p291_c2_grm_std_uni,2,5.632971286773682,-5.175689697265625,1
Clemson_p291_c2_grm_std_uni,2,5.075168132781982,-4.23626184463501,1
Clemson_p291_c2_grm_std_uni,2,3.114276170730591,-2.8163883686065674,1
Clemson_p291_c2_grm_std_uni,2,2.98115873336792,-2.685832977294922,1
Clemson_p291_c2_grm_std_uni,2,3.9933981895446777,-3.5346293449401855,1
Clemson_p291_c2_grm_std_uni,2,4.693741321563721,-4.190794467926025,1
Clemson_p291_c2_grm_std_uni,2,4.96091365814209,-4.310305595397949,1
Clemson_p291_c2_grm_std_uni,2,5.123683452606201,-4.216322898864746,1
Clemson_p291_c2_grm_std_uni,2,5.1276726722717285,-3.883568286895752,1
Clemson_p291_c2_grm_std_uni,2,4.91236686706543,-3.6645143032073975,1
Clemson_p291_c2_grm_std_uni,2,4.623270034790039,-3.8303401470184326,1
Clemson_p291_c2_grm_std_uni,2,4.348068714141846,-4.010007858276367,1
Clemson_p291_c2_grm_std_uni,2,4.192129611968994,-4.082391262054443,1
Clemson_p291_c2_grm_std_uni,2,2.526550769805908,-1.9787129163742065,1
Clemson_p291_c2_grm_std_uni,2,-1.6365749835968018,2.335331439971924,2
Clemson_p291_c2_grm_std_uni,2,-1.3329976797103882,0.12444887310266495,1
Clemson_p291_c2_grm_std_uni,2,1.1887849569320679,-2.3986258506774902,1
Clemson_p291_c2_grm_std_uni,2,4.4274067878723145,-4.491089344024658,1
Clemson_p291_c2_grm_std_uni,2,5.2017502784729,-5.084104537963867,1
Clemson_p291_c2_grm_std_uni,2,5.376551628112793,-5.1858625411987305,1
Clemson_p291_c2_grm_std_uni,2,5.459427356719971,-5.254652976989746,1
Clemson_p291_c2_grm_std_uni,2,5.60076904296875,-5.046483993530273,1
Clemson_p291_c2_grm_std_uni,2,5.326208591461182,-4.6089630126953125,1
Clemson_p291_c2_grm_std_uni,2,4.765752792358398,-4.125025272369385,1
Clemson_p291_c2_grm_std_uni,1,5.436505317687988,-4.569107532501221,1
Clemson_p291_c2_grm_std_uni,1,5.456727981567383,-4.607740879058838,1
Clemson_p291_c2_grm_std_uni,1,5.490386009216309,-4.889646053314209,1
Clemson_p291_c2_grm_std_uni,1,5.851860523223877,-5.276795864105225,1
Clemson_p291_c2_grm_std_uni,1,6.157751083374023,-5.780168533325195,1
Clemson_p291_c2_grm_std_uni,1,6.369282245635986,-5.98604679107666,1
Clemson_p291_c2_grm_std_uni,1,6.251619338989258,-6.063317775726318,1
Clemson_p291_c2_grm_std_uni,1,5.592317581176758,-5.576263427734375,1
Clemson_p291_c2_grm_std_uni,1,5.345859050750732,-5.5957746505737305,1
Clemson_p291_c2_grm_std_uni,1,5.744149684906006,-6.120439529418945,1
Clemson_p291_c2_grm_std_uni,1,6.195104598999023,-6.547256946563721,1
Clemson_p291_c2_grm_std_uni,1,6.201956272125244,-6.555152416229248,1
Clemson_p291_c2_grm_std_uni,1,5.992691993713379,-6.328081130981445,1
Clemson_p291_c2_grm_std_uni,1,5.5999040603637695,-6.046814918518066,1
Clemson_p291_c2_grm_std_uni,1,5.39511775970459,-5.902066230773926,1
Clemson_p291_c2_grm_std_uni,1,5.375460624694824,-5.864790916442871,1
Clemson_p291_c2_grm_std_uni,1,5.666474342346191,-5.984241962432861,1
Clemson_p291_c2_grm_std_uni,1,5.777698040008545,-5.8975396156311035,1
Clemson_p291_c2_grm_std_uni,1,4.531850337982178,-4.371933460235596,1
Clemson_p291_c2_grm_std_uni,1,1.5841764211654663,-1.804476261138916,1
Clemson_p291_c2_grm_std_uni,1,1.9726072549819946,-2.2108051776885986,1
Clemson_p291_c2_grm_std_uni,1,3.6524789333343506,-4.255891799926758,1
Clemson_p291_c2_grm_std_uni,1,5.075433731079102,-5.777640342712402,1
Clemson_p291_c2_grm_std_uni,1,5.077102184295654,-6.452291488647461,1
Clemson_p291_c2_grm_std_uni,1,6.451906204223633,-7.043319225311279,1
Clemson_p291_c2_grm_std_uni,1,7.605711936950684,-7.057312965393066,1
Clemson_p291_c2_grm_std_uni,1,7.200197219848633,-6.4452619552612305,1
Clemson_p291_c2_grm_std_uni,1,6.974225044250488,-6.302879810333252,1
Clemson_p291_c2_grm_std_uni,1,6.717843532562256,-6.332940578460693,1
Clemson_p291_c2_grm_std_uni,1,6.390322685241699,-6.0648651123046875,1
Clemson_p291_c2_grm_std_uni,1,6.301360130310059,-5.79001522064209,1
Clemson_p291_c2_grm_std_uni,1,6.429157733917236,-5.83903694152832,1
Clemson_p291_c2_grm_std_uni,1,6.79522180557251,-6.298829555511475,1
Clemson_p291_c2_grm_std_uni,1,6.747522354125977,-6.406187534332275,1
Clemson_p291_c2_grm_std_uni,1,6.324307441711426,-6.148837089538574,1
Clemson_p291_c2_grm_std_uni,1,5.98850154876709,-5.7077741622924805,1
Clemson_p291_c2_grm_std_uni,1,5.930717945098877,-5.554455280303955,1
Clemson_p291_c2_grm_std_uni,1,5.9257402420043945,-5.594328880310059,1
Clemson_p291_c2_grm_std_uni,1,4.193009376525879,-3.6149628162384033,1
Clemson_p291_c2_grm_std_uni,1,1.3932325839996338,-0.21759815514087677,1
Clemson_p291_c2_grm_std_uni,1,2.160649061203003,-2.4215285778045654,1
Clemson_p291_c2_grm_std_uni,1,4.973283290863037,-4.93162202835083,1
Clemson_p291_c2_grm_std_uni,1,5.641057968139648,-5.2929368019104,1
Clemson_p291_c2_grm_std_uni,1,5.928171634674072,-5.559983730316162,1
Clemson_p291_c2_grm_std_uni,1,6.288529872894287,-5.678314208984375,1
Clemson_p291_c2_grm_std_uni,1,6.376782417297363,-5.708430290222168,1
Clemson_p291_c2_grm_std_uni,1,6.091744899749756,-5.722659587860107,1
Clemson_p291_c2_grm_std_uni,1,5.889786720275879,-6.046302318572998,1
Clemson_p291_c2_grm_std_uni,1,7.170041561126709,-7.369845390319824,1
Clemson_p291_c2_grm_std_uni,1,7.3548359870910645,-7.9992499351501465,1
Clemson_p291_c2_grm_std_uni,2,6.663013935089111,-7.228011131286621,1
Clemson_p291_c2_grm_std_uni,2,6.1085429191589355,-6.395627975463867,1
Clemson_p291_c2_grm_std_uni,2,5.860962867736816,-6.462523937225342,1
Clemson_p291_c2_grm_std_uni,2,5.901740550994873,-6.321694850921631,1
Clemson_p291_c2_grm_std_uni,2,5.500497341156006,-5.802774906158447,1
Clemson_p291_c2_grm_std_uni,2,5.311973571777344,-5.127098083496094,1
Clemson_p291_c2_grm_std_uni,2,5.24381685256958,-4.888245105743408,1
Clemson_p291_c2_grm_std_uni,2,5.3609771728515625,-4.983644485473633,1
Clemson_p291_c2_grm_std_uni,2,5.311752796173096,-5.2146430015563965,1
Clemson_p291_c2_grm_std_uni,2,5.07296085357666,-5.139718532562256,1
Clemson_p291_c2_grm_std_uni,2,4.7747578620910645,-4.9581193923950195,1
Clemson_p291_c2_grm_std_uni,2,4.696444988250732,-4.926171779632568,1
Clemson_p291_c2_grm_std_uni,2,4.893166542053223,-5.085442543029785,1
Clemson_p291_c2_grm_std_uni,2,5.069286823272705,-5.207712173461914,1
Clemson_p291_c2_grm_std_uni,2,5.098853588104248,-5.217695236206055,1
Clemson_p291_c2_grm_std_uni,2,4.940751075744629,-5.117495536804199,1
Clemson_p291_c2_grm_std_uni,2,4.566042900085449,-4.766472339630127,1
Clemson_p291_c2_grm_std_uni,2,1.7933075428009033,-1.1794699430465698,1
Clemson_p291_c2_grm_std_uni,2,-1.3363444805145264,1.943738579750061,2
Clemson_p291_c2_grm_std_uni,2,-0.634811520576477,0.12478356808423996,1
Clemson_p291_c2_grm_std_uni,2,1.9414132833480835,-2.8556864261627197,1
Clemson_p291_c2_grm_std_uni,2,5.001744270324707,-4.809876918792725,1
Clemson_p291_c2_grm_std_uni,2,5.535843372344971,-5.242090702056885,1
Clemson_p291_c2_grm_std_uni,2,5.732038974761963,-5.345433235168457,1
Clemson_p291_c2_grm_std_uni,2,5.7674560546875,-5.360406875610352,1
Clemson_p291_c2_grm_std_uni,2,5.8780412673950195,-5.161868572235107,1
Clemson_p291_c2_grm_std_uni,2,5.59633207321167,-4.7244110107421875,1
Clemson_p291_c2_grm_std_uni,2,5.101982593536377,-4.346386909484863,1
Clemson_p291_c2_grm_std_uni,1,4.738216876983643,-4.4243645668029785,1
Clemson_p291_c2_grm_std_uni,1,4.154057502746582,-4.149633884429932,1
Clemson_p291_c2_grm_std_uni,1,4.316286563873291,-4.600968837738037,1
Clemson_p291_c2_grm_std_uni,1,5.111295700073242,-5.7771100997924805,1
Clemson_p291_c2_grm_std_uni,1,4.774545192718506,-6.201699733734131,1
Clemson_p291_c2_grm_std_uni,1,5.7785444259643555,-6.1640305519104,1
Clemson_p291_c2_grm_std_uni,1,6.256556510925293,-6.588095188140869,1
Clemson_p291_c2_grm_std_uni,1,6.098072528839111,-6.558553695678711,1
Clemson_p291_c2_grm_std_uni,1,5.71964168548584,-6.539901256561279,1
Clemson_p291_c2_grm_std_uni,1,6.174760818481445,-7.13412618637085,1
Clemson_p291_c2_grm_std_uni,1,5.757331371307373,-7.12442684173584,1
Clemson_p291_c2_grm_std_uni,1,5.689043998718262,-7.103322982788086,1
Clemson_p291_c2_grm_std_uni,1,5.810981750488281,-7.120736122131348,1
Clemson_p291_c2_grm_std_uni,1,6.3438520431518555,-7.61518669128418,1
Clemson_p291_c2_grm_std_uni,1,6.424866676330566,-7.458810329437256,1
Clemson_p291_c2_grm_std_uni,1,5.663339138031006,-6.0587944984436035,1
Clemson_p291_c2_grm_std_uni,1,5.8679962158203125,-5.576996326446533,1
Clemson_p291_c2_grm_std_uni,1,6.936488151550293,-6.607463359832764,1
Clemson_p291_c2_grm_std_uni,1,7.388997554779053,-7.142145156860352,1
Clemson_p291_c2_grm_std_uni,1,7.389819145202637,-7.147682189941406,1
Clemson_p291_c2_grm_std_uni,1,6.332146644592285,-5.939574241638184,1
Clemson_p291_c2_grm_std_uni,1,5.017027854919434,-5.000959396362305,1
Clemson_p291_c2_grm_std_uni,1,5.420156955718994,-4.8594841957092285,1
Clemson_p291_c2_grm_std_uni,1,5.789790153503418,-5.254078388214111,1
Clemson_p291_c2_grm_std_uni,1,5.5048956871032715,-5.164937973022461,1
Clemson_p291_c2_grm_std_uni,1,5.314841270446777,-5.135310649871826,1
Clemson_p291_c2_grm_std_uni,1,5.811834335327148,-5.403728008270264,1
Clemson_p291_c2_grm_std_uni,1,6.306081771850586,-5.824481010437012,1
Clemson_p291_c2_grm_std_uni,1,6.855057716369629,-6.443465232849121,1
Clemson_p291_c2_grm_std_uni,1,7.090316295623779,-6.870542049407959,1
Clemson_p291_c2_grm_std_uni,1,5.06915807723999,-5.156961917877197,1
Clemson_p291_c2_grm_std_uni,1,4.493439674377441,-4.327015399932861,1
Clemson_p291_c2_grm_std_uni,1,5.431614875793457,-5.403346538543701,1
Clemson_p291_c2_grm_std_uni,1,5.862229347229004,-6.04520845413208,1
Clemson_p291_c2_grm_std_uni,1,6.279120922088623,-5.848997116088867,1
Clemson_p291_c2_grm_std_uni,1,5.864972114562988,-5.665363788604736,1
Clemson_p291_c2_grm_std_uni,1,6.784235000610352,-6.335096836090088,1
Clemson_p291_c2_grm_std_uni,1,6.584973335266113,-6.047299861907959,1
Clemson_p291_c2_grm_std_uni,1,5.569265365600586,-5.105906963348389,1
Clemson_p291_c2_grm_std_uni,1,4.521505355834961,-4.459078788757324,1
Clemson_p291_c2_grm_std_uni,1,4.5226216316223145,-4.720468044281006,1
Clemson_p291_c2_grm_std_uni,1,4.373265743255615,-4.958122253417969,1
Clemson_p291_c2_grm_std_uni,1,3.9778378009796143,-4.916225910186768,1
Clemson_p291_c2_grm_std_uni,1,4.706263065338135,-5.552138805389404,1
Clemson_p291_c2_grm_std_uni,1,6.398554801940918,-6.7366719245910645,1
Clemson_p291_c2_grm_std_uni,1,6.79949426651001,-6.925431728363037,1
Clemson_p291_c2_grm_std_uni,1,6.817459583282471,-6.672375679016113,1
Clemson_p291_c2_grm_std_uni,1,6.3628668785095215,-6.225363254547119,1
Clemson_p291_c2_grm_std_uni,1,6.035300254821777,-6.009879112243652,1
Clemson_p291_c2_grm_std_uni,1,2.7644262313842773,-2.6770856380462646,1
Clemson_p291_c2_grm_std_uni,1,1.8869976997375488,-2.267944812774658,1
Clemson_p291_c2_grm_std_uni,1,3.463862657546997,-3.9499473571777344,1
Clemson_p291_c2_grm_std_uni,1,5.499239444732666,-5.397394180297852,1
Clemson_p291_c2_grm_std_uni,1,5.437638282775879,-5.278355121612549,1
Clemson_p291_c2_grm_std_uni,1,5.748170375823975,-5.452756404876709,1
Clemson_p291_c2_grm_std_uni,1,6.228706359863281,-5.6026930809021,1
Clemson_p291_c2_grm_std_uni,1,6.317381858825684,-5.886238098144531,1
Clemson_p291_c2_grm_std_uni,1,6.309252738952637,-6.262508869171143,1
Clemson_p291_c2_grm_std_uni,1,6.631686210632324,-6.142221927642822,1
Clemson_p291_c2_grm_std_uni,1,6.854013442993164,-6.420222282409668,1
Clemson_p291_c2_grm_std_uni,1,5.286904811859131,-5.142396926879883,1
Clemson_p291_c2_grm_std_uni,1,4.041755199432373,-4.107242107391357,1
Clemson_p291_c2_grm_std_uni,1,4.279266357421875,-4.391902446746826,1
Clemson_p291_c2_grm_std_uni,1,5.084197521209717,-4.996426582336426,1
Clemson_p291_c2_grm_std_uni,1,5.301641464233398,-5.133913516998291,1
Clemson_p291_c2_grm_std_uni,1,5.036263942718506,-4.875907897949219,1
Clemson_p291_c2_grm_std_uni,1,4.595878601074219,-4.3887619972229,1
Clemson_p291_c2_grm_std_uni,1,4.486867427825928,-4.336511611938477,1
Clemson_p291_c2_grm_std_uni,1,5.087187767028809,-5.090594291687012,1
Clemson_p291_c2_grm_std_uni,1,6.169771194458008,-6.05980110168457,1
Clemson_p291_c2_grm_std_uni,1,7.087515830993652,-6.896478176116943,1
Clemson_p291_c2_grm_std_uni,1,7.077184677124023,-7.04896354675293,1
Clemson_p291_c2_grm_std_uni,1,6.956422805786133,-7.027997016906738,1
Clemson_p291_c2_grm_std_uni,1,6.892175197601318,-7.038230895996094,1
Clemson_p291_c2_grm_std_uni,1,6.815521717071533,-7.0245041847229,1
Clemson_p291_c2_grm_std_uni,1,6.736290454864502,-6.992283344268799,1
Clemson_p291_c2_grm_std_uni,1,6.665356159210205,-6.94899320602417,1
Clemson_p291_c2_grm_std_uni,1,6.606984615325928,-6.8953142166137695,1
Clemson_p291_c2_grm_std_uni,1,6.542566776275635,-6.830838203430176,1
Clemson_p291_c2_grm_std_uni,1,6.438985347747803,-6.724218845367432,1
Clemson_p291_c2_grm_std_uni,1,6.3550872802734375,-6.636850833892822,1
Clemson_p291_c2_grm_std_uni,1,6.2942070960998535,-6.586888313293457,1
Clemson_p291_c2_grm_std_uni,1,6.244533061981201,-6.5481109619140625,1
Clemson_p291_c2_grm_std_uni,1,6.1574506759643555,-6.477799892425537,1
Clemson_p291_c2_grm_std_uni,1,6.072667121887207,-6.420032978057861,1
Clemson_p291_c2_grm_std_uni,1,6.015405654907227,-6.3855156898498535,1
Clemson_p291_c2_grm_std_uni,1,5.92885160446167,-6.31890344619751,1
Clemson_p291_c2_grm_std_uni,1,5.825328350067139,-6.226743698120117,1
Clemson_p291_c2_grm_std_uni,1,5.706313610076904,-6.11046028137207,1
Clemson_p291_c2_grm_std_uni,1,5.568603038787842,-5.9613752365112305,1
Clemson_p291_c2_grm_std_uni,1,5.416965961456299,-5.803797721862793,1
Clemson_p291_c2_grm_std_uni,1,5.245121955871582,-5.62393045425415,1
Clemson_p291_c2_grm_std_uni,1,5.090240478515625,-5.445733547210693,1
Clemson_p291_c2_grm_std_uni,1,4.9836931228637695,-5.310241222381592,1
Clemson_p291_c2_grm_std_uni,1,4.911740779876709,-5.233179569244385,1
Clemson_p291_c2_grm_std_uni,1,4.870646953582764,-5.197381973266602,1
Clemson_p291_c2_grm_std_uni,1,4.9573516845703125,-5.230248928070068,1
Clemson_p291_c2_grm_std_uni,1,4.941821098327637,-5.232302665710449,1
Clemson_p291_c2_grm_std_uni,1,4.862081527709961,-5.172325611114502,1
Clemson_p291_c2_grm_std_uni,1,3.8883771896362305,-3.9520041942596436,1
Clemson_p291_c2_grm_std_uni,1,5.140212535858154,-4.285557270050049,1
Clemson_p291_c2_grm_std_uni,1,6.416763782501221,-5.14153528213501,1
Clemson_p291_c2_grm_std_uni,1,6.947340965270996,-6.003683090209961,1
Clemson_p291_c2_grm_std_uni,1,6.772295951843262,-5.93422794342041,1
Clemson_p291_c2_grm_std_uni,1,6.407477378845215,-5.687795162200928,1
Clemson_p291_c2_grm_std_uni,1,6.0603179931640625,-5.406819820404053,1
Clemson_p291_c2_grm_std_uni,1,5.992198467254639,-5.398255348205566,1
Clemson_p291_c2_grm_std_uni,1,4.58693790435791,-4.4602952003479,1
Clemson_p291_c2_grm_std_uni,1,4.873100757598877,-4.764307975769043,1
Clemson_p291_c2_grm_std_uni,1,5.646814823150635,-5.6689629554748535,1
Clemson_p291_c2_grm_std_uni,1,4.727757930755615,-4.728188991546631,1
Clemson_p291_c2_grm_std_uni,1,3.0383427143096924,-3.68223237991333,1
Clemson_p291_c2_grm_std_uni,1,3.1567916870117188,-3.5638833045959473,1
Clemson_p291_c2_grm_std_uni,1,3.968640089035034,-4.06904935836792,1
Clemson_p291_c2_grm_std_uni,1,5.1516432762146,-4.860962867736816,1
Clemson_p291_c2_grm_std_uni,1,5.429612159729004,-5.091125965118408,1
Clemson_p291_c2_grm_std_uni,1,5.00726318359375,-4.488424301147461,1
Clemson_p291_c2_grm_std_uni,1,4.023313522338867,-3.6932127475738525,1
Clemson_p291_c2_grm_std_uni,1,3.9570682048797607,-3.7468104362487793,1
Clemson_p291_c2_grm_std_uni,1,4.694596767425537,-4.609451770782471,1
Clemson_p291_c2_grm_std_uni,1,5.339067459106445,-5.094600200653076,1
Clemson_p291_c2_grm_std_uni,1,5.301381587982178,-4.9358062744140625,1
Clemson_p291_c2_grm_std_uni,1,4.8448028564453125,-4.446927547454834,1
Clemson_p291_c2_grm_std_uni,1,4.625941753387451,-4.2565813064575195,1
Clemson_p291_c2_grm_std_uni,1,4.623464107513428,-4.348264694213867,1
Clemson_p291_c2_grm_std_uni,1,4.795125961303711,-4.625768184661865,1
Clemson_p291_c2_grm_std_uni,1,4.661360740661621,-4.679176330566406,1
Clemson_p291_c2_grm_std_uni,1,4.315690994262695,-4.398006916046143,1
Clemson_p291_c2_grm_std_uni,1,3.7188875675201416,-3.9110350608825684,1
Clemson_p291_c2_grm_std_uni,1,3.1094324588775635,-3.4149680137634277,1
Clemson_p291_c2_grm_std_uni,1,3.1542956829071045,-3.349609136581421,1
Clemson_p291_c2_grm_std_uni,1,3.1722824573516846,-3.2217912673950195,1
Clemson_p291_c2_grm_std_uni,1,1.9750746488571167,-2.107745885848999,1
Clemson_p291_c2_grm_std_uni,1,1.763883352279663,-1.6850361824035645,1
Clemson_p291_c2_grm_std_uni,1,3.5384204387664795,-2.8109166622161865,1
Clemson_p291_c2_grm_std_uni,1,4.693972587585449,-3.7414743900299072,1
Clemson_p291_c2_grm_std_uni,1,4.9122724533081055,-4.038346290588379,1
Clemson_p291_c2_grm_std_uni,1,4.777645587921143,-4.089449405670166,1
Clemson_p291_c2_grm_std_uni,1,4.3197503089904785,-4.002079010009766,1
Clemson_p291_c2_grm_std_uni,1,4.07698917388916,-4.132650375366211,1
Clemson_p291_c2_grm_std_uni,1,5.266536712646484,-5.180369853973389,1
Clemson_p291_c2_grm_std_uni,1,6.138501167297363,-5.994013786315918,1
Clemson_p291_c2_grm_std_uni,1,5.997677803039551,-6.036806583404541,1
Clemson_p291_c2_grm_std_uni,1,6.019217014312744,-6.098452568054199,1
Clemson_p291_c2_grm_std_uni,1,6.019047260284424,-6.000413417816162,1
Clemson_p291_c2_grm_std_uni,1,5.383448123931885,-5.3072896003723145,1
Clemson_p291_c2_grm_std_uni,1,3.2027299404144287,-3.5851900577545166,1
Clemson_p291_c2_grm_std_uni,1,2.6152472496032715,-3.3007473945617676,1
Clemson_p291_c2_grm_std_uni,1,3.757988452911377,-4.260664939880371,1
Clemson_p291_c2_grm_std_uni,1,2.693948745727539,-3.1941473484039307,1
Clemson_p291_c2_grm_std_uni,1,1.6679686307907104,-2.397946834564209,1
Clemson_p291_c2_grm_std_uni,1,2.6724672317504883,-3.197256565093994,1
Clemson_p291_c2_grm_std_uni,1,4.621835708618164,-4.991393566131592,1
Clemson_p291_c2_grm_std_uni,1,6.04808235168457,-5.7285051345825195,1
Clemson_p291_c2_grm_std_uni,1,6.446589946746826,-6.014692783355713,1
Clemson_p291_c2_grm_std_uni,1,6.293609619140625,-5.6485276222229,1
Clemson_p291_c2_grm_std_uni,1,6.346286296844482,-5.770153999328613,1
Clemson_p291_c2_grm_std_uni,1,6.679290771484375,-6.0871758460998535,1
Clemson_p291_c2_grm_std_uni,1,6.253161430358887,-5.640439510345459,1
Clemson_p291_c2_grm_std_uni,1,5.885149955749512,-5.366493225097656,1
Clemson_p291_c2_grm_std_uni,1,5.888599872589111,-5.661218166351318,1
Clemson_p291_c2_grm_std_uni,1,5.761069297790527,-5.682165145874023,1
Clemson_p291_c2_grm_std_uni,1,4.715598106384277,-4.1867499351501465,1
Clemson_p291_c2_grm_std_uni,1,3.284885883331299,-2.8860995769500732,1
Clemson_p291_c2_grm_std_uni,1,3.9820616245269775,-3.495694637298584,1
Clemson_p291_c2_grm_std_uni,1,5.22230863571167,-4.826884746551514,1
Clemson_p291_c2_grm_std_uni,1,5.8621954917907715,-5.5814385414123535,1
Clemson_p291_c2_grm_std_uni,1,5.561389446258545,-5.722688674926758,1
Clemson_p291_c2_grm_std_uni,1,5.462764739990234,-5.942018985748291,1
Clemson_p291_c2_grm_std_uni,1,5.547841548919678,-6.097721576690674,1
Clemson_p291_c2_grm_std_uni,1,5.62984037399292,-6.27636194229126,1
Clemson_p291_c2_grm_std_uni,1,5.1782097816467285,-5.818570137023926,1
Clemson_p291_c2_grm_std_uni,1,6.654234409332275,-6.06210994720459,1
Clemson_p291_c2_grm_std_uni,1,7.030307769775391,-6.469158172607422,1
Clemson_p291_c2_grm_std_uni,1,7.293501853942871,-6.912602424621582,1
Clemson_p291_c2_grm_std_uni,1,7.914815425872803,-7.587913513183594,1
Clemson_p291_c2_grm_std_uni,1,8.001262664794922,-7.675702095031738,1
Clemson_p291_c2_grm_std_uni,1,7.757404804229736,-7.192748069763184,1
Clemson_p291_c2_grm_std_uni,1,7.152499675750732,-6.547659873962402,1
Clemson_p291_c2_grm_std_uni,1,6.828770160675049,-6.542693138122559,1
Clemson_p291_c2_grm_std_uni,1,6.898392677307129,-7.199152946472168,1
Clemson_p291_c2_grm_std_uni,1,6.716426849365234,-7.202386856079102,1
Clemson_p291_c2_grm_std_uni,1,6.228170394897461,-6.545010089874268,1
Clemson_p291_c2_grm_std_uni,1,5.726700305938721,-6.041316509246826,1
Clemson_p291_c2_grm_std_uni,1,5.275853157043457,-5.652135848999023,1
Clemson_p291_c2_grm_std_uni,1,5.16226053237915,-5.565221309661865,1
Clemson_p291_c2_grm_std_uni,1,5.044795513153076,-5.5143280029296875,1
Clemson_p291_c2_grm_std_uni,1,4.9276347160339355,-5.413157939910889,1
Clemson_p291_c2_grm_std_uni,1,4.93044376373291,-5.424679279327393,1
Clemson_p291_c2_grm_std_uni,1,4.404212951660156,-4.8988213539123535,1
Clemson_p291_c2_grm_std_uni,1,4.23603630065918,-4.5939621925354,1
Clemson_p291_c2_grm_std_uni,1,3.6699869632720947,-4.073119163513184,1
Clemson_p291_c2_grm_std_uni,1,2.056295394897461,-2.5158634185791016,1
