Clemson-DND_p291_c2_grm_std_uni,1,3.8315205574035645,-3.9584667682647705,1
Clemson-DND_p291_c2_grm_std_uni,1,4.57404899597168,-4.380471706390381,1
Clemson-DND_p291_c2_grm_std_uni,1,4.688444137573242,-4.577646732330322,1
Clemson-DND_p291_c2_grm_std_uni,1,4.587521076202393,-4.508838653564453,1
Clemson-DND_p291_c2_grm_std_uni,1,4.7221760749816895,-4.801799774169922,1
Clemson-DND_p291_c2_grm_std_uni,1,5.156797409057617,-5.2697224617004395,1
Clemson-DND_p291_c2_grm_std_uni,1,5.741929054260254,-5.8196516036987305,1
Clemson-DND_p291_c2_grm_std_uni,1,5.686984062194824,-5.4735822677612305,1
Clemson-DND_p291_c2_grm_std_uni,1,5.291578769683838,-4.731138229370117,1
Clemson-DND_p291_c2_grm_std_uni,1,4.627680778503418,-4.606690406799316,1
Clemson-DND_p291_c2_grm_std_uni,1,4.598443508148193,-4.550769805908203,1
Clemson-DND_p291_c2_grm_std_uni,1,4.826383113861084,-4.952138423919678,1
Clemson-DND_p291_c2_grm_std_uni,1,4.71763801574707,-4.803153038024902,1
Clemson-DND_p291_c2_grm_std_uni,1,4.678930759429932,-4.522117614746094,1
Clemson-DND_p291_c2_grm_std_uni,1,4.397251605987549,-4.156905174255371,1
Clemson-DND_p291_c2_grm_std_uni,1,4.428287029266357,-4.31001615524292,1
Clemson-DND_p291_c2_grm_std_uni,1,4.499324798583984,-4.561362266540527,1
Clemson-DND_p291_c2_grm_std_uni,1,4.554286956787109,-4.6586079597473145,1
Clemson-DND_p291_c2_grm_std_uni,1,4.375879764556885,-4.6159772872924805,1
Clemson-DND_p291_c2_grm_std_uni,1,4.464877128601074,-4.853794574737549,1
Clemson-DND_p291_c2_grm_std_uni,1,4.870818138122559,-5.045815467834473,1
Clemson-DND_p291_c2_grm_std_uni,1,5.25126838684082,-5.5859503746032715,1
Clemson-DND_p291_c2_grm_std_uni,1,5.448091983795166,-5.846315383911133,1
Clemson-DND_p291_c2_grm_std_uni,1,5.35608434677124,-5.735334873199463,1
Clemson-DND_p291_c2_grm_std_uni,1,5.377023696899414,-5.674878120422363,1
Clemson-DND_p291_c2_grm_std_uni,1,5.289734840393066,-5.623624801635742,1
Clemson-DND_p291_c2_grm_std_uni,1,5.127449989318848,-5.595662593841553,1
Clemson-DND_p291_c2_grm_std_uni,1,5.128385066986084,-5.4079155921936035,1
Clemson-DND_p291_c2_grm_std_uni,1,5.050430774688721,-5.421417713165283,1
Clemson-DND_p291_c2_grm_std_uni,1,4.744051933288574,-5.295723915100098,1
Clemson-DND_p291_c2_grm_std_uni,1,4.883415699005127,-5.388352870941162,1
Clemson-DND_p291_c2_grm_std_uni,1,5.386650562286377,-5.721090793609619,1
Clemson-DND_p291_c2_grm_std_uni,1,5.669839382171631,-6.012336730957031,1
Clemson-DND_p291_c2_grm_std_uni,1,5.781412601470947,-6.0449910163879395,1
Clemson-DND_p291_c2_grm_std_uni,1,5.8901848793029785,-6.0550618171691895,1
Clemson-DND_p291_c2_grm_std_uni,1,6.00551700592041,-6.019155502319336,1
Clemson-DND_p291_c2_grm_std_uni,1,5.778345584869385,-5.878124713897705,1
Clemson-DND_p291_c2_grm_std_uni,1,5.45788049697876,-5.725032329559326,1
Clemson-DND_p291_c2_grm_std_uni,1,5.446356296539307,-5.76665735244751,1
Clemson-DND_p291_c2_grm_std_uni,1,5.284663200378418,-5.739874362945557,1
Clemson-DND_p291_c2_grm_std_uni,1,5.254458904266357,-5.631580829620361,1
Clemson-DND_p291_c2_grm_std_uni,1,5.188883304595947,-5.401059627532959,1
Clemson-DND_p291_c2_grm_std_uni,1,5.10613489151001,-5.2076416015625,1
Clemson-DND_p291_c2_grm_std_uni,1,5.265643119812012,-5.369268894195557,1
Clemson-DND_p291_c2_grm_std_uni,1,5.041298866271973,-5.033016204833984,1
Clemson-DND_p291_c2_grm_std_uni,1,4.990288257598877,-5.063826560974121,1
Clemson-DND_p291_c2_grm_std_uni,1,4.940916538238525,-5.142953872680664,1
Clemson-DND_p291_c2_grm_std_uni,1,5.089757442474365,-5.376071453094482,1
Clemson-DND_p291_c2_grm_std_uni,1,5.0061140060424805,-5.320918083190918,1
Clemson-DND_p291_c2_grm_std_uni,1,4.5264763832092285,-4.982137203216553,1
Clemson-DND_p291_c2_grm_std_uni,1,3.9746391773223877,-4.583354473114014,1
Clemson-DND_p291_c2_grm_std_uni,1,3.85170578956604,-4.454428672790527,1
Clemson-DND_p291_c2_grm_std_uni,1,2.726332187652588,-3.369422197341919,1
Clemson-DND_p291_c2_grm_std_uni,1,2.4469168186187744,-2.952989339828491,1
Clemson-DND_p291_c2_grm_std_uni,1,4.591785430908203,-4.697881698608398,1
Clemson-DND_p291_c2_grm_std_uni,1,5.22311544418335,-5.507124900817871,1
Clemson-DND_p291_c2_grm_std_uni,1,5.081923961639404,-5.780884265899658,1
Clemson-DND_p291_c2_grm_std_uni,1,4.760819435119629,-5.812765598297119,1
Clemson-DND_p291_c2_grm_std_uni,1,4.777459144592285,-6.06516695022583,1
Clemson-DND_p291_c2_grm_std_uni,1,4.500711441040039,-5.994817733764648,1
Clemson-DND_p291_c2_grm_std_uni,1,4.010195732116699,-5.480658054351807,1
Clemson-DND_p291_c2_grm_std_uni,1,4.756643295288086,-6.508485317230225,1
Clemson-DND_p291_c2_grm_std_uni,1,4.868907451629639,-6.87139368057251,1
Clemson-DND_p291_c2_grm_std_uni,1,5.011305332183838,-7.143249988555908,1
Clemson-DND_p291_c2_grm_std_uni,1,4.801527500152588,-6.360489845275879,1
Clemson-DND_p291_c2_grm_std_uni,1,4.89271354675293,-5.875777244567871,1
Clemson-DND_p291_c2_grm_std_uni,1,5.070330619812012,-6.2957000732421875,1
Clemson-DND_p291_c2_grm_std_uni,1,5.2806477546691895,-6.530589580535889,1
Clemson-DND_p291_c2_grm_std_uni,1,5.831175804138184,-6.4650068283081055,1
Clemson-DND_p291_c2_grm_std_uni,1,6.079954624176025,-6.1488423347473145,1
Clemson-DND_p291_c2_grm_std_uni,1,5.9463653564453125,-5.986832618713379,1
Clemson-DND_p291_c2_grm_std_uni,1,5.659859657287598,-5.827200412750244,1
Clemson-DND_p291_c2_grm_std_uni,1,5.462765693664551,-5.641444206237793,1
Clemson-DND_p291_c2_grm_std_uni,1,5.547465801239014,-5.864645481109619,1
Clemson-DND_p291_c2_grm_std_uni,1,5.387598037719727,-5.692513942718506,1
Clemson-DND_p291_c2_grm_std_uni,1,4.497705936431885,-5.169577121734619,1
Clemson-DND_p291_c2_grm_std_uni,1,4.637439250946045,-5.261329650878906,1
Clemson-DND_p291_c2_grm_std_uni,1,5.131168842315674,-5.822891712188721,1
Clemson-DND_p291_c2_grm_std_uni,1,5.52746057510376,-6.5907487869262695,1
Clemson-DND_p291_c2_grm_std_uni,1,5.413624286651611,-6.799050331115723,1
Clemson-DND_p291_c2_grm_std_uni,1,5.143858432769775,-6.467092990875244,1
Clemson-DND_p291_c2_grm_std_uni,1,4.67479944229126,-5.5088419914245605,1
Clemson-DND_p291_c2_grm_std_uni,1,4.659925937652588,-5.39463996887207,1
Clemson-DND_p291_c2_grm_std_uni,1,5.570051670074463,-6.615025520324707,1
Clemson-DND_p291_c2_grm_std_uni,1,5.9193925857543945,-6.839967727661133,1
Clemson-DND_p291_c2_grm_std_uni,1,5.605512619018555,-6.657956123352051,1
Clemson-DND_p291_c2_grm_std_uni,1,5.596855640411377,-6.6371941566467285,1
Clemson-DND_p291_c2_grm_std_uni,1,5.996124267578125,-6.261594295501709,1
Clemson-DND_p291_c2_grm_std_uni,1,6.325243949890137,-6.6029253005981445,1
Clemson-DND_p291_c2_grm_std_uni,1,6.302928447723389,-6.524668216705322,1
Clemson-DND_p291_c2_grm_std_uni,1,6.248195171356201,-6.318575382232666,1
Clemson-DND_p291_c2_grm_std_uni,1,6.325088977813721,-6.628778457641602,1
Clemson-DND_p291_c2_grm_std_uni,1,6.1304802894592285,-6.882270336151123,1
Clemson-DND_p291_c2_grm_std_uni,1,6.054333686828613,-6.747035503387451,1
Clemson-DND_p291_c2_grm_std_uni,1,5.718318462371826,-6.342626571655273,1
Clemson-DND_p291_c2_grm_std_uni,1,5.7432427406311035,-6.336920261383057,1
Clemson-DND_p291_c2_grm_std_uni,1,5.738422870635986,-6.326200008392334,1
Clemson-DND_p291_c2_grm_std_uni,1,5.576652526855469,-5.94382905960083,1
Clemson-DND_p291_c2_grm_std_uni,1,5.813302040100098,-5.22544002532959,1
Clemson-DND_p291_c2_grm_std_uni,1,6.016469478607178,-5.819033622741699,1
Clemson-DND_p291_c2_grm_std_uni,1,5.80381441116333,-6.239501476287842,1
Clemson-DND_p291_c2_grm_std_uni,1,5.369761943817139,-6.225316524505615,1
Clemson-DND_p291_c2_grm_std_uni,1,5.456621170043945,-6.093297481536865,1
Clemson-DND_p291_c2_grm_std_uni,1,5.135157585144043,-5.826526165008545,1
Clemson-DND_p291_c2_grm_std_uni,1,5.20331335067749,-5.6695661544799805,1
Clemson-DND_p291_c2_grm_std_uni,1,4.85024881362915,-5.400373935699463,1
Clemson-DND_p291_c2_grm_std_uni,1,5.456797122955322,-5.985835075378418,1
Clemson-DND_p291_c2_grm_std_uni,1,5.732202529907227,-6.168943405151367,1
Clemson-DND_p291_c2_grm_std_uni,1,5.940786838531494,-6.1783061027526855,1
Clemson-DND_p291_c2_grm_std_uni,1,6.0079345703125,-6.258059978485107,1
Clemson-DND_p291_c2_grm_std_uni,1,6.230007648468018,-6.191694259643555,1
Clemson-DND_p291_c2_grm_std_uni,1,6.280359268188477,-6.272026062011719,1
Clemson-DND_p291_c2_grm_std_uni,1,5.921051979064941,-5.988542556762695,1
Clemson-DND_p291_c2_grm_std_uni,1,5.9001641273498535,-5.872641086578369,1
Clemson-DND_p291_c2_grm_std_uni,1,5.996621608734131,-5.918717384338379,1
Clemson-DND_p291_c2_grm_std_uni,1,6.045531272888184,-6.210184574127197,1
Clemson-DND_p291_c2_grm_std_uni,1,5.87251091003418,-6.058079242706299,1
Clemson-DND_p291_c2_grm_std_uni,1,5.389420509338379,-5.977538585662842,1
Clemson-DND_p291_c2_grm_std_uni,1,5.295225143432617,-5.833468437194824,1
Clemson-DND_p291_c2_grm_std_uni,1,4.521186828613281,-4.642305374145508,1
Clemson-DND_p291_c2_grm_std_uni,1,4.265495777130127,-4.319390296936035,1
Clemson-DND_p291_c2_grm_std_uni,1,4.546540260314941,-4.519767761230469,1
Clemson-DND_p291_c2_grm_std_uni,1,5.154911518096924,-5.349862575531006,1
Clemson-DND_p291_c2_grm_std_uni,1,5.321538925170898,-5.465247631072998,1
Clemson-DND_p291_c2_grm_std_uni,1,5.084637641906738,-5.023008346557617,1
Clemson-DND_p291_c2_grm_std_uni,1,4.6590576171875,-4.453547954559326,1
Clemson-DND_p291_c2_grm_std_uni,1,4.766021728515625,-4.996473789215088,1
Clemson-DND_p291_c2_grm_std_uni,1,4.9695892333984375,-5.518449783325195,1
Clemson-DND_p291_c2_grm_std_uni,1,4.751886367797852,-5.162671089172363,1
Clemson-DND_p291_c2_grm_std_uni,1,4.927197456359863,-5.446347236633301,1
Clemson-DND_p291_c2_grm_std_uni,1,4.984246253967285,-5.604511737823486,1
Clemson-DND_p291_c2_grm_std_uni,1,4.935540676116943,-5.433333873748779,1
Clemson-DND_p291_c2_grm_std_uni,1,5.03592586517334,-5.533186912536621,1
Clemson-DND_p291_c2_grm_std_uni,1,5.275705814361572,-5.874485969543457,1
Clemson-DND_p291_c2_grm_std_uni,1,4.779595375061035,-5.512919902801514,1
Clemson-DND_p291_c2_grm_std_uni,1,4.814391136169434,-4.592239856719971,1
Clemson-DND_p291_c2_grm_std_uni,1,5.309259414672852,-4.647165298461914,1
Clemson-DND_p291_c2_grm_std_uni,1,5.041068077087402,-5.080544471740723,1
Clemson-DND_p291_c2_grm_std_uni,1,5.666767597198486,-4.988602161407471,1
Clemson-DND_p291_c2_grm_std_uni,1,5.5921630859375,-4.19367790222168,1
Clemson-DND_p291_c2_grm_std_uni,1,5.4942145347595215,-4.844587802886963,1
Clemson-DND_p291_c2_grm_std_uni,1,5.125402450561523,-5.448372840881348,1
Clemson-DND_p291_c2_grm_std_uni,1,5.224966526031494,-5.726864337921143,1
Clemson-DND_p291_c2_grm_std_uni,1,5.795717239379883,-5.6194891929626465,1
Clemson-DND_p291_c2_grm_std_uni,1,5.428142070770264,-5.572012424468994,1
Clemson-DND_p291_c2_grm_std_uni,1,6.00931453704834,-5.973063945770264,1
Clemson-DND_p291_c2_grm_std_uni,1,5.9931960105896,-6.007425308227539,1
Clemson-DND_p291_c2_grm_std_uni,1,5.368522644042969,-5.783385276794434,1
Clemson-DND_p291_c2_grm_std_uni,1,4.751368522644043,-5.247082710266113,1
Clemson-DND_p291_c2_grm_std_uni,1,5.293386936187744,-5.683247089385986,1
Clemson-DND_p291_c2_grm_std_uni,1,5.361589431762695,-5.774674415588379,1
Clemson-DND_p291_c2_grm_std_uni,1,5.237702369689941,-5.787448406219482,1
Clemson-DND_p291_c2_grm_std_uni,1,4.433948993682861,-5.13438606262207,1
Clemson-DND_p291_c2_grm_std_uni,1,4.8369293212890625,-5.474887371063232,1
Clemson-DND_p291_c2_grm_std_uni,1,5.730535507202148,-5.385209083557129,1
Clemson-DND_p291_c2_grm_std_uni,1,5.844637870788574,-5.558159828186035,1
Clemson-DND_p291_c2_grm_std_uni,1,6.024439334869385,-5.4251298904418945,1
Clemson-DND_p291_c2_grm_std_uni,1,5.987420558929443,-5.4281792640686035,1
Clemson-DND_p291_c2_grm_std_uni,1,5.779225826263428,-5.263578414916992,1
Clemson-DND_p291_c2_grm_std_uni,1,5.680284023284912,-5.244259357452393,1
Clemson-DND_p291_c2_grm_std_uni,1,5.4093427658081055,-5.550997257232666,1
Clemson-DND_p291_c2_grm_std_uni,1,5.212813854217529,-5.654295444488525,1
Clemson-DND_p291_c2_grm_std_uni,1,5.123361587524414,-5.209203720092773,1
Clemson-DND_p291_c2_grm_std_uni,1,5.300950050354004,-5.038871765136719,1
Clemson-DND_p291_c2_grm_std_uni,1,4.8414740562438965,-4.37523889541626,1
Clemson-DND_p291_c2_grm_std_uni,1,5.326289176940918,-4.652866840362549,1
Clemson-DND_p291_c2_grm_std_uni,1,5.261973857879639,-5.18018913269043,1
Clemson-DND_p291_c2_grm_std_uni,1,4.672091007232666,-4.966516017913818,1
Clemson-DND_p291_c2_grm_std_uni,1,5.059492111206055,-5.614198684692383,1
Clemson-DND_p291_c2_grm_std_uni,1,4.9267258644104,-5.304533004760742,1
Clemson-DND_p291_c2_grm_std_uni,1,4.553167343139648,-5.062016010284424,1
Clemson-DND_p291_c2_grm_std_uni,1,4.379232406616211,-4.976541996002197,1
Clemson-DND_p291_c2_grm_std_uni,1,4.086600303649902,-4.417672157287598,1
Clemson-DND_p291_c2_grm_std_uni,1,4.129698276519775,-4.499392032623291,1
Clemson-DND_p291_c2_grm_std_uni,1,4.505347728729248,-4.938136577606201,1
Clemson-DND_p291_c2_grm_std_uni,1,5.039603233337402,-5.3231353759765625,1
Clemson-DND_p291_c2_grm_std_uni,1,5.675778865814209,-5.464996814727783,1
Clemson-DND_p291_c2_grm_std_uni,1,5.253288745880127,-5.421853542327881,1
Clemson-DND_p291_c2_grm_std_uni,1,5.452627658843994,-5.089493274688721,1
Clemson-DND_p291_c2_grm_std_uni,1,5.976751804351807,-5.216563701629639,1
Clemson-DND_p291_c2_grm_std_uni,1,6.065300941467285,-5.651026248931885,1
Clemson-DND_p291_c2_grm_std_uni,1,6.140937805175781,-5.883778095245361,1
Clemson-DND_p291_c2_grm_std_uni,1,5.749392509460449,-5.512269496917725,1
Clemson-DND_p291_c2_grm_std_uni,1,5.64327335357666,-5.599474906921387,1
Clemson-DND_p291_c2_grm_std_uni,1,5.1510138511657715,-5.2606353759765625,1
Clemson-DND_p291_c2_grm_std_uni,1,5.427810192108154,-5.503842830657959,1
Clemson-DND_p291_c2_grm_std_uni,1,4.813007831573486,-4.737015724182129,1
Clemson-DND_p291_c2_grm_std_uni,1,4.544690132141113,-5.260115623474121,1
Clemson-DND_p291_c2_grm_std_uni,1,4.1236090660095215,-4.44905948638916,1
Clemson-DND_p291_c2_grm_std_uni,1,3.999375820159912,-4.267257213592529,1
Clemson-DND_p291_c2_grm_std_uni,1,4.6071600914001465,-4.843779563903809,1
Clemson-DND_p291_c2_grm_std_uni,1,5.2878594398498535,-5.298027515411377,1
Clemson-DND_p291_c2_grm_std_uni,1,5.14599084854126,-4.507423400878906,1
Clemson-DND_p291_c2_grm_std_uni,1,5.13108491897583,-4.424387454986572,1
Clemson-DND_p291_c2_grm_std_uni,1,5.092017650604248,-4.477645397186279,1
Clemson-DND_p291_c2_grm_std_uni,1,5.116808891296387,-4.648510456085205,1
Clemson-DND_p291_c2_grm_std_uni,1,5.376051902770996,-4.88010311126709,1
Clemson-DND_p291_c2_grm_std_uni,1,6.058077335357666,-5.601387023925781,1
Clemson-DND_p291_c2_grm_std_uni,1,5.8968424797058105,-6.089331150054932,1
Clemson-DND_p291_c2_grm_std_uni,1,5.959386348724365,-6.396299362182617,1
Clemson-DND_p291_c2_grm_std_uni,1,5.587353229522705,-6.096312522888184,1
Clemson-DND_p291_c2_grm_std_uni,1,5.64570426940918,-6.232701301574707,1
Clemson-DND_p291_c2_grm_std_uni,1,6.058044910430908,-6.653293132781982,1
Clemson-DND_p291_c2_grm_std_uni,1,6.4207072257995605,-6.7237067222595215,1
Clemson-DND_p291_c2_grm_std_uni,1,6.43057918548584,-6.725822925567627,1
Clemson-DND_p291_c2_grm_std_uni,1,6.503168106079102,-6.6991190910339355,1
Clemson-DND_p291_c2_grm_std_uni,1,6.700032711029053,-6.8319196701049805,1
Clemson-DND_p291_c2_grm_std_uni,1,6.62718391418457,-7.098355770111084,1
Clemson-DND_p291_c2_grm_std_uni,1,6.503411293029785,-7.053015232086182,1
Clemson-DND_p291_c2_grm_std_uni,1,6.455720901489258,-6.802309989929199,1
Clemson-DND_p291_c2_grm_std_uni,1,6.36451530456543,-6.6249470710754395,1
Clemson-DND_p291_c2_grm_std_uni,1,6.321447849273682,-6.567393779754639,1
Clemson-DND_p291_c2_grm_std_uni,1,6.224290370941162,-6.654068470001221,1
Clemson-DND_p291_c2_grm_std_uni,1,5.654629230499268,-6.354002952575684,1
Clemson-DND_p291_c2_grm_std_uni,1,6.055622577667236,-6.435220241546631,1
Clemson-DND_p291_c2_grm_std_uni,1,5.983241558074951,-5.872755527496338,1
Clemson-DND_p291_c2_grm_std_uni,1,5.208477973937988,-5.226442337036133,1
Clemson-DND_p291_c2_grm_std_uni,1,5.5991668701171875,-5.595559597015381,1
Clemson-DND_p291_c2_grm_std_uni,1,6.2278361320495605,-6.190009593963623,1
Clemson-DND_p291_c2_grm_std_uni,1,6.20749568939209,-6.036255359649658,1
Clemson-DND_p291_c2_grm_std_uni,1,5.4719719886779785,-5.241314888000488,1
Clemson-DND_p291_c2_grm_std_uni,1,5.554075717926025,-5.308558464050293,1
Clemson-DND_p291_c2_grm_std_uni,1,5.964833736419678,-5.700819492340088,1
Clemson-DND_p291_c2_grm_std_uni,1,5.92538595199585,-5.776066780090332,1
Clemson-DND_p291_c2_grm_std_uni,1,5.760025501251221,-5.886927604675293,1
Clemson-DND_p291_c2_grm_std_uni,1,5.738030433654785,-5.662528038024902,1
Clemson-DND_p291_c2_grm_std_uni,1,5.76737642288208,-5.7192769050598145,1
Clemson-DND_p291_c2_grm_std_uni,1,5.6799187660217285,-5.649843215942383,1
Clemson-DND_p291_c2_grm_std_uni,1,5.672593116760254,-5.726326942443848,1
Clemson-DND_p291_c2_grm_std_uni,1,5.6976318359375,-5.730820178985596,1
Clemson-DND_p291_c2_grm_std_uni,1,5.41475248336792,-5.272368907928467,1
Clemson-DND_p291_c2_grm_std_uni,1,5.278134346008301,-5.152737140655518,1
Clemson-DND_p291_c2_grm_std_uni,1,5.255735397338867,-5.195062637329102,1
Clemson-DND_p291_c2_grm_std_uni,1,5.247898578643799,-5.216187477111816,1
Clemson-DND_p291_c2_grm_std_uni,1,5.239873886108398,-5.150204181671143,1
Clemson-DND_p291_c2_grm_std_uni,1,5.634009838104248,-5.583747386932373,1
Clemson-DND_p291_c2_grm_std_uni,1,5.939222812652588,-5.958826065063477,1
Clemson-DND_p291_c2_grm_std_uni,1,5.755392074584961,-5.828554153442383,1
Clemson-DND_p291_c2_grm_std_uni,1,5.53505277633667,-5.664303302764893,1
Clemson-DND_p291_c2_grm_std_uni,1,5.245412349700928,-5.447459697723389,1
Clemson-DND_p291_c2_grm_std_uni,1,5.22827672958374,-5.450143814086914,1
Clemson-DND_p291_c2_grm_std_uni,1,5.470900535583496,-5.613458156585693,1
Clemson-DND_p291_c2_grm_std_uni,1,5.6059160232543945,-5.747666358947754,1
Clemson-DND_p291_c2_grm_std_uni,1,5.933358669281006,-6.062363624572754,1
Clemson-DND_p291_c2_grm_std_uni,1,6.112683296203613,-6.309373378753662,1
Clemson-DND_p291_c2_grm_std_uni,1,6.16127347946167,-6.437982559204102,1
Clemson-DND_p291_c2_grm_std_uni,1,6.087882995605469,-6.39237117767334,1
Clemson-DND_p291_c2_grm_std_uni,1,5.928895473480225,-6.248652935028076,1
Clemson-DND_p291_c2_grm_std_uni,1,5.57838773727417,-6.022837162017822,1
Clemson-DND_p291_c2_grm_std_uni,1,5.1999077796936035,-5.531636714935303,1
Clemson-DND_p291_c2_grm_std_uni,1,5.232400417327881,-5.226377010345459,1
Clemson-DND_p291_c2_grm_std_uni,1,5.4329633712768555,-5.2323760986328125,1
Clemson-DND_p291_c2_grm_std_uni,1,5.414160251617432,-5.309772968292236,1
Clemson-DND_p291_c2_grm_std_uni,1,5.478750228881836,-5.558440208435059,1
Clemson-DND_p291_c2_grm_std_uni,1,5.250777244567871,-5.388582229614258,1
Clemson-DND_p291_c2_grm_std_uni,1,4.915727615356445,-4.9424967765808105,1
Clemson-DND_p291_c2_grm_std_uni,1,5.1491546630859375,-5.052098274230957,1
Clemson-DND_p291_c2_grm_std_uni,1,5.25498104095459,-5.100950241088867,1
Clemson-DND_p291_c2_grm_std_uni,1,5.109574794769287,-4.966613292694092,1
Clemson-DND_p291_c2_grm_std_uni,1,5.126210689544678,-4.943656921386719,1
Clemson-DND_p291_c2_grm_std_uni,1,5.324891090393066,-5.085615634918213,1
Clemson-DND_p291_c2_grm_std_uni,1,5.433362007141113,-5.443260669708252,1
Clemson-DND_p291_c2_grm_std_uni,1,5.345309257507324,-5.53079891204834,1
Clemson-DND_p291_c2_grm_std_uni,1,5.237872123718262,-5.42653751373291,1
Clemson-DND_p291_c2_grm_std_uni,1,5.210298538208008,-5.203485012054443,1
Clemson-DND_p291_c2_grm_std_uni,1,5.506899833679199,-5.371551990509033,1
Clemson-DND_p291_c2_grm_std_uni,1,5.081992149353027,-4.871970176696777,1
Clemson-DND_p291_c2_grm_std_uni,1,4.99701452255249,-4.749907970428467,1
Clemson-DND_p291_c2_grm_std_uni,1,5.1914591789245605,-5.041221618652344,1
Clemson-DND_p291_c2_grm_std_uni,1,5.4398956298828125,-5.389917850494385,1
Clemson-DND_p291_c2_grm_std_uni,1,5.768331050872803,-5.795980930328369,1
Clemson-DND_p291_c2_grm_std_uni,1,5.840798377990723,-5.853943824768066,1
Clemson-DND_p291_c2_grm_std_uni,1,5.770069599151611,-5.702924728393555,1
Clemson-DND_p291_c2_grm_std_uni,1,5.723548412322998,-5.7027907371521,1
Clemson-DND_p291_c2_grm_std_uni,1,5.464549541473389,-5.481438159942627,1
Clemson-DND_p291_c2_grm_std_uni,1,5.356472969055176,-5.175249099731445,1
Clemson-DND_p291_c2_grm_std_uni,1,5.262902736663818,-5.092529296875,1
Clemson-DND_p291_c2_grm_std_uni,1,5.476144790649414,-5.278561592102051,1
Clemson-DND_p291_c2_grm_std_uni,1,5.830327987670898,-5.606777667999268,1
Clemson-DND_p291_c2_grm_std_uni,1,5.682873725891113,-5.321258068084717,1
Clemson-DND_p291_c2_grm_std_uni,1,5.798912525177002,-5.668784141540527,1
Clemson-DND_p291_c2_grm_std_uni,1,5.659673690795898,-5.752820014953613,1
Clemson-DND_p291_c2_grm_std_uni,1,5.446624279022217,-5.465755939483643,1
Clemson-DND_p291_c2_grm_std_uni,1,5.426564693450928,-5.4588823318481445,1
Clemson-DND_p291_c2_grm_std_uni,1,5.477792739868164,-5.343423843383789,1
Clemson-DND_p291_c2_grm_std_uni,1,5.782856464385986,-5.179978847503662,1
Clemson-DND_p291_c2_grm_std_uni,1,5.69059944152832,-4.766549587249756,1
Clemson-DND_p291_c2_grm_std_uni,1,5.463250637054443,-4.785476207733154,1
Clemson-DND_p291_c2_grm_std_uni,1,4.9636335372924805,-4.87061071395874,1
Clemson-DND_p291_c2_grm_std_uni,1,4.799296855926514,-5.069524765014648,1
Clemson-DND_p291_c2_grm_std_uni,1,4.130983829498291,-4.573058605194092,1
Clemson-DND_p291_c2_grm_std_uni,1,5.073946952819824,-5.421545028686523,1
Clemson-DND_p291_c2_grm_std_uni,1,5.086136817932129,-4.70794677734375,1
Clemson-DND_p291_c2_grm_std_uni,1,4.932143211364746,-4.831147193908691,1
Clemson-DND_p291_c2_grm_std_uni,1,4.889374732971191,-5.225606918334961,1
Clemson-DND_p291_c2_grm_std_uni,1,4.52487850189209,-5.00445032119751,1
Clemson-DND_p291_c2_grm_std_uni,1,4.389720439910889,-4.6217360496521,1
Clemson-DND_p291_c2_grm_std_uni,1,4.001946926116943,-4.299583435058594,1
Clemson-DND_p291_c2_grm_std_uni,1,4.900689125061035,-5.1269025802612305,1
Clemson-DND_p291_c2_grm_std_uni,1,4.9685468673706055,-5.266623497009277,1
Clemson-DND_p291_c2_grm_std_uni,1,4.804286003112793,-5.201901912689209,1
Clemson-DND_p291_c2_grm_std_uni,1,5.1664910316467285,-5.359288215637207,1
Clemson-DND_p291_c2_grm_std_uni,1,5.645396709442139,-5.278292179107666,1
Clemson-DND_p291_c2_grm_std_uni,1,5.874087333679199,-5.244398593902588,1
Clemson-DND_p291_c2_grm_std_uni,1,6.4851908683776855,-5.243470191955566,1
Clemson-DND_p291_c2_grm_std_uni,1,6.477180480957031,-5.374983787536621,1
Clemson-DND_p291_c2_grm_std_uni,1,6.012150764465332,-4.72471809387207,1
Clemson-DND_p291_c2_grm_std_uni,1,5.889143943786621,-4.728959083557129,1
Clemson-DND_p291_c2_grm_std_uni,1,5.5766119956970215,-4.921571254730225,1
Clemson-DND_p291_c2_grm_std_uni,1,5.769728660583496,-5.498357772827148,1
Clemson-DND_p291_c2_grm_std_uni,1,6.237252235412598,-5.613070964813232,1
Clemson-DND_p291_c2_grm_std_uni,1,5.96599817276001,-5.310478687286377,1
Clemson-DND_p291_c2_grm_std_uni,1,5.641112804412842,-5.209214687347412,1
Clemson-DND_p291_c2_grm_std_uni,1,5.020222187042236,-5.264620304107666,1
Clemson-DND_p291_c2_grm_std_uni,1,5.418410778045654,-5.482373237609863,1
Clemson-DND_p291_c2_grm_std_uni,1,5.350115776062012,-5.317534923553467,1
Clemson-DND_p291_c2_grm_std_uni,1,5.33568000793457,-5.107248306274414,1
Clemson-DND_p291_c2_grm_std_uni,1,5.268249034881592,-4.869672775268555,1
Clemson-DND_p291_c2_grm_std_uni,1,5.63739013671875,-5.140723705291748,1
Clemson-DND_p291_c2_grm_std_uni,1,5.720162391662598,-5.147583961486816,1
Clemson-DND_p291_c2_grm_std_uni,1,5.501510143280029,-5.219834327697754,1
Clemson-DND_p291_c2_grm_std_uni,1,5.139945983886719,-4.838244915008545,1
Clemson-DND_p291_c2_grm_std_uni,1,4.937125205993652,-4.758749008178711,1
Clemson-DND_p291_c2_grm_std_uni,1,5.445574760437012,-5.856753349304199,1
Clemson-DND_p291_c2_grm_std_uni,1,4.786115646362305,-4.925507068634033,1
Clemson-DND_p291_c2_grm_std_uni,1,4.687705039978027,-5.265103340148926,1
Clemson-DND_p291_c2_grm_std_uni,1,4.457944869995117,-4.620401382446289,1
Clemson-DND_p291_c2_grm_std_uni,1,4.380580425262451,-4.769151210784912,1
Clemson-DND_p291_c2_grm_std_uni,1,4.876865863800049,-5.347909450531006,1
Clemson-DND_p291_c2_grm_std_uni,1,5.7745490074157715,-5.440155982971191,1
Clemson-DND_p291_c2_grm_std_uni,1,5.8716816902160645,-5.485255718231201,1
Clemson-DND_p291_c2_grm_std_uni,1,5.95943546295166,-5.644524097442627,1
Clemson-DND_p291_c2_grm_std_uni,1,5.66410493850708,-5.417149066925049,1
Clemson-DND_p291_c2_grm_std_uni,1,5.288130760192871,-4.875528335571289,1
Clemson-DND_p291_c2_grm_std_uni,1,4.873809814453125,-4.4913153648376465,1
Clemson-DND_p291_c2_grm_std_uni,1,5.0818915367126465,-4.729322910308838,1
Clemson-DND_p291_c2_grm_std_uni,1,5.141201496124268,-4.913256645202637,1
Clemson-DND_p291_c2_grm_std_uni,1,6.008923053741455,-5.664979934692383,1
Clemson-DND_p291_c2_grm_std_uni,1,6.284050464630127,-5.7709641456604,1
Clemson-DND_p291_c2_grm_std_uni,1,5.753173828125,-5.181845664978027,1
Clemson-DND_p291_c2_grm_std_uni,1,5.421844482421875,-5.055094242095947,1
Clemson-DND_p291_c2_grm_std_uni,1,5.017288684844971,-5.006518840789795,1
Clemson-DND_p291_c2_grm_std_uni,1,5.058348655700684,-4.909355640411377,1
Clemson-DND_p291_c2_grm_std_uni,1,5.236120223999023,-4.900728702545166,1
Clemson-DND_p291_c2_grm_std_uni,1,5.406204700469971,-5.048250198364258,1
Clemson-DND_p291_c2_grm_std_uni,1,5.486459732055664,-5.264903545379639,1
Clemson-DND_p291_c2_grm_std_uni,1,5.516530513763428,-5.658929824829102,1
Clemson-DND_p291_c2_grm_std_uni,1,5.211757183074951,-5.5717034339904785,1
Clemson-DND_p291_c2_grm_std_uni,1,5.326398849487305,-5.360525608062744,1
Clemson-DND_p291_c2_grm_std_uni,1,5.3786749839782715,-5.33041524887085,1
Clemson-DND_p291_c2_grm_std_uni,1,5.4521403312683105,-5.339181423187256,1
Clemson-DND_p291_c2_grm_std_uni,1,5.650094985961914,-5.5990519523620605,1
Clemson-DND_p291_c2_grm_std_uni,1,5.76402473449707,-5.901492118835449,1
Clemson-DND_p291_c2_grm_std_uni,1,5.5161614418029785,-5.955617904663086,1
Clemson-DND_p291_c2_grm_std_uni,1,5.015652656555176,-5.55772066116333,1
Clemson-DND_p291_c2_grm_std_uni,1,4.888675212860107,-5.499908447265625,1
Clemson-DND_p291_c2_grm_std_uni,1,4.625974178314209,-4.98226261138916,1
Clemson-DND_p291_c2_grm_std_uni,1,5.321145057678223,-5.609063625335693,1
Clemson-DND_p291_c2_grm_std_uni,1,5.197299480438232,-5.6299357414245605,1
Clemson-DND_p291_c2_grm_std_uni,1,5.118534564971924,-5.775384902954102,1
Clemson-DND_p291_c2_grm_std_uni,1,5.25014066696167,-5.85414457321167,1
Clemson-DND_p291_c2_grm_std_uni,1,4.800952434539795,-5.245949745178223,1
Clemson-DND_p291_c2_grm_std_uni,1,4.902541637420654,-5.071437358856201,1
Clemson-DND_p291_c2_grm_std_uni,1,5.202746391296387,-5.286013603210449,1
Clemson-DND_p291_c2_grm_std_uni,1,5.913250923156738,-5.208310604095459,1
Clemson-DND_p291_c2_grm_std_uni,1,5.887025356292725,-5.245594501495361,1
Clemson-DND_p291_c2_grm_std_uni,1,5.634798526763916,-3.720710277557373,1
Clemson-DND_p291_c2_grm_std_uni,1,5.602993965148926,-3.4495904445648193,1
Clemson-DND_p291_c2_grm_std_uni,1,5.747711658477783,-4.2790727615356445,1
Clemson-DND_p291_c2_grm_std_uni,1,4.953856468200684,-4.4240522384643555,1
Clemson-DND_p291_c2_grm_std_uni,1,5.389904975891113,-4.849689960479736,1
Clemson-DND_p291_c2_grm_std_uni,1,5.501279354095459,-5.576020240783691,1
Clemson-DND_p291_c2_grm_std_uni,1,5.444619655609131,-5.557137489318848,1
Clemson-DND_p291_c2_grm_std_uni,1,5.476907253265381,-5.736067771911621,1
Clemson-DND_p291_c2_grm_std_uni,1,5.222022533416748,-5.6820244789123535,1
Clemson-DND_p291_c2_grm_std_uni,1,5.252890110015869,-5.625164985656738,1
Clemson-DND_p291_c2_grm_std_uni,1,5.448981285095215,-5.9784088134765625,1
Clemson-DND_p291_c2_grm_std_uni,1,4.614872932434082,-5.60970401763916,1
Clemson-DND_p291_c2_grm_std_uni,1,4.272088050842285,-5.262099742889404,1
Clemson-DND_p291_c2_grm_std_uni,1,4.241404056549072,-5.010549068450928,1
Clemson-DND_p291_c2_grm_std_uni,1,4.064397811889648,-4.758878231048584,1
Clemson-DND_p291_c2_grm_std_uni,1,4.367330074310303,-4.882291316986084,1
Clemson-DND_p291_c2_grm_std_uni,1,4.856051445007324,-5.04828405380249,1
Clemson-DND_p291_c2_grm_std_uni,1,4.867337703704834,-4.693540573120117,1
Clemson-DND_p291_c2_grm_std_uni,1,5.366872787475586,-5.100320816040039,1
Clemson-DND_p291_c2_grm_std_uni,1,5.548503398895264,-5.436319828033447,1
Clemson-DND_p291_c2_grm_std_uni,1,5.568229675292969,-5.472790718078613,1
Clemson-DND_p291_c2_grm_std_uni,1,5.406513690948486,-6.069859027862549,1
Clemson-DND_p291_c2_grm_std_uni,1,5.12833309173584,-6.005913734436035,1
Clemson-DND_p291_c2_grm_std_uni,1,5.5977373123168945,-5.291051864624023,1
Clemson-DND_p291_c2_grm_std_uni,1,5.526327133178711,-4.753967761993408,1
Clemson-DND_p291_c2_grm_std_uni,1,6.152558326721191,-5.455737113952637,1
Clemson-DND_p291_c2_grm_std_uni,1,5.985365867614746,-5.455373764038086,1
Clemson-DND_p291_c2_grm_std_uni,1,6.106416702270508,-5.67991828918457,1
Clemson-DND_p291_c2_grm_std_uni,1,6.392316818237305,-5.855278968811035,1
Clemson-DND_p291_c2_grm_std_uni,1,5.823704242706299,-5.72607946395874,1
Clemson-DND_p291_c2_grm_std_uni,1,5.720240592956543,-5.952374458312988,1
Clemson-DND_p291_c2_grm_std_uni,1,5.218319892883301,-5.597046852111816,1
Clemson-DND_p291_c2_grm_std_uni,1,5.406249523162842,-5.212412357330322,1
Clemson-DND_p291_c2_grm_std_uni,1,4.9208855628967285,-4.652266025543213,1
Clemson-DND_p291_c2_grm_std_uni,1,4.512799263000488,-4.4973626136779785,1
Clemson-DND_p291_c2_grm_std_uni,1,4.9603447914123535,-4.783207416534424,1
Clemson-DND_p291_c2_grm_std_uni,1,5.528477191925049,-5.194564342498779,1
Clemson-DND_p291_c2_grm_std_uni,1,5.54592227935791,-5.459422588348389,1
Clemson-DND_p291_c2_grm_std_uni,1,5.478318214416504,-5.518219947814941,1
Clemson-DND_p291_c2_grm_std_uni,1,5.314520835876465,-5.4298577308654785,1
Clemson-DND_p291_c2_grm_std_uni,1,5.175426006317139,-5.231393814086914,1
Clemson-DND_p291_c2_grm_std_uni,1,4.578676223754883,-4.511406421661377,1
Clemson-DND_p291_c2_grm_std_uni,1,4.50022554397583,-4.379796981811523,1
Clemson-DND_p291_c2_grm_std_uni,1,4.7091145515441895,-4.574077129364014,1
Clemson-DND_p291_c2_grm_std_uni,1,4.806820869445801,-4.86125373840332,1
Clemson-DND_p291_c2_grm_std_uni,1,4.573393821716309,-4.723026752471924,1
Clemson-DND_p291_c2_grm_std_uni,1,5.24362850189209,-5.103059768676758,1
Clemson-DND_p291_c2_grm_std_uni,1,5.395835876464844,-5.0869550704956055,1
Clemson-DND_p291_c2_grm_std_uni,1,5.185820579528809,-4.937578201293945,1
Clemson-DND_p291_c2_grm_std_uni,1,4.887299060821533,-4.91525936126709,1
Clemson-DND_p291_c2_grm_std_uni,1,5.313364028930664,-5.472036838531494,1
Clemson-DND_p291_c2_grm_std_uni,1,4.824446678161621,-4.849549293518066,1
Clemson-DND_p291_c2_grm_std_uni,1,4.894415855407715,-4.599766731262207,1
Clemson-DND_p291_c2_grm_std_uni,1,4.6469926834106445,-4.717212200164795,1
Clemson-DND_p291_c2_grm_std_uni,1,4.689467906951904,-4.881094932556152,1
Clemson-DND_p291_c2_grm_std_uni,1,5.244176387786865,-5.056023597717285,1
Clemson-DND_p291_c2_grm_std_uni,1,5.504631996154785,-5.44281005859375,1
Clemson-DND_p291_c2_grm_std_uni,1,5.353672504425049,-5.834540367126465,1
Clemson-DND_p291_c2_grm_std_uni,1,5.515530586242676,-6.177829265594482,1
Clemson-DND_p291_c2_grm_std_uni,1,5.633716106414795,-6.256260395050049,1
Clemson-DND_p291_c2_grm_std_uni,1,5.695427894592285,-5.810076713562012,1
Clemson-DND_p291_c2_grm_std_uni,1,5.798231601715088,-5.525181293487549,1
Clemson-DND_p291_c2_grm_std_uni,1,5.840575695037842,-5.542454242706299,1
Clemson-DND_p291_c2_grm_std_uni,1,5.882121562957764,-5.458887100219727,1
Clemson-DND_p291_c2_grm_std_uni,1,5.362807750701904,-5.308615207672119,1
Clemson-DND_p291_c2_grm_std_uni,1,5.403435230255127,-5.5171942710876465,1
Clemson-DND_p291_c2_grm_std_uni,1,5.5974249839782715,-5.864500045776367,1
Clemson-DND_p291_c2_grm_std_uni,1,5.995901584625244,-6.106653213500977,1
Clemson-DND_p291_c2_grm_std_uni,1,6.161755084991455,-5.672111511230469,1
Clemson-DND_p291_c2_grm_std_uni,1,5.864874362945557,-5.285433292388916,1
Clemson-DND_p291_c2_grm_std_uni,1,5.4649529457092285,-5.13022518157959,1
Clemson-DND_p291_c2_grm_std_uni,1,5.437137126922607,-5.052783012390137,1
Clemson-DND_p291_c2_grm_std_uni,1,5.482456684112549,-4.792435646057129,1
Clemson-DND_p291_c2_grm_std_uni,1,5.2654852867126465,-4.670058250427246,1
Clemson-DND_p291_c2_grm_std_uni,1,5.228433609008789,-5.049354553222656,1
Clemson-DND_p291_c2_grm_std_uni,1,4.726163387298584,-4.907025337219238,1
Clemson-DND_p291_c2_grm_std_uni,1,5.07842493057251,-5.474257946014404,1
Clemson-DND_p291_c2_grm_std_uni,1,5.505669593811035,-5.753365993499756,1
Clemson-DND_p291_c2_grm_std_uni,1,5.463886737823486,-5.366671085357666,1
Clemson-DND_p291_c2_grm_std_uni,1,5.728950500488281,-5.485656261444092,1
Clemson-DND_p291_c2_grm_std_uni,1,5.800638198852539,-5.811614990234375,1
Clemson-DND_p291_c2_grm_std_uni,1,5.626901149749756,-5.887767314910889,1
Clemson-DND_p291_c2_grm_std_uni,1,5.4828643798828125,-6.0660786628723145,1
Clemson-DND_p291_c2_grm_std_uni,1,5.682908535003662,-6.410874843597412,1
Clemson-DND_p291_c2_grm_std_uni,1,5.494847297668457,-6.6370158195495605,1
Clemson-DND_p291_c2_grm_std_uni,1,5.006052017211914,-5.581436634063721,1
Clemson-DND_p291_c2_grm_std_uni,1,4.767105579376221,-5.129878520965576,1
Clemson-DND_p291_c2_grm_std_uni,1,4.657175064086914,-5.22300910949707,1
Clemson-DND_p291_c2_grm_std_uni,1,4.9369730949401855,-5.65959358215332,1
Clemson-DND_p291_c2_grm_std_uni,1,4.921996593475342,-5.506287574768066,1
Clemson-DND_p291_c2_grm_std_uni,1,4.496415615081787,-5.072702407836914,1
Clemson-DND_p291_c2_grm_std_uni,1,4.97710657119751,-5.343400001525879,1
Clemson-DND_p291_c2_grm_std_uni,1,5.092841148376465,-5.512369632720947,1
Clemson-DND_p291_c2_grm_std_uni,1,5.465562343597412,-5.696281433105469,1
Clemson-DND_p291_c2_grm_std_uni,1,5.141612529754639,-5.490248203277588,1
Clemson-DND_p291_c2_grm_std_uni,1,5.647332668304443,-6.068175315856934,1
Clemson-DND_p291_c2_grm_std_uni,1,5.192000389099121,-5.56876277923584,1
Clemson-DND_p291_c2_grm_std_uni,1,4.580407619476318,-4.992615222930908,1
Clemson-DND_p291_c2_grm_std_uni,1,4.354929447174072,-4.950189590454102,1
Clemson-DND_p291_c2_grm_std_uni,1,4.595228672027588,-5.265101432800293,1
Clemson-DND_p291_c2_grm_std_uni,1,4.703832626342773,-5.526918888092041,1
Clemson-DND_p291_c2_grm_std_uni,1,4.193452835083008,-5.077277660369873,1
Clemson-DND_p291_c2_grm_std_uni,1,4.120138168334961,-4.546781539916992,1
Clemson-DND_p291_c2_grm_std_uni,1,3.9468064308166504,-3.9336981773376465,1
Clemson-DND_p291_c2_grm_std_uni,1,4.9874372482299805,-4.985471725463867,1
Clemson-DND_p291_c2_grm_std_uni,1,5.669856548309326,-6.257197856903076,1
Clemson-DND_p291_c2_grm_std_uni,1,5.152478218078613,-6.920126438140869,1
Clemson-DND_p291_c2_grm_std_uni,1,4.455207347869873,-6.901459217071533,1
Clemson-DND_p291_c2_grm_std_uni,1,4.529102802276611,-7.0461907386779785,1
Clemson-DND_p291_c2_grm_std_uni,1,4.872650146484375,-7.002501964569092,1
Clemson-DND_p291_c2_grm_std_uni,1,4.8145928382873535,-6.918905258178711,1
Clemson-DND_p291_c2_grm_std_uni,1,5.191450595855713,-7.206700801849365,1
Clemson-DND_p291_c2_grm_std_uni,1,5.738744258880615,-7.643815517425537,1
Clemson-DND_p291_c2_grm_std_uni,1,5.7488322257995605,-7.571218013763428,1
Clemson-DND_p291_c2_grm_std_uni,1,5.27183198928833,-6.760200023651123,1
Clemson-DND_p291_c2_grm_std_uni,1,4.296307563781738,-5.015005111694336,1
Clemson-DND_p291_c2_grm_std_uni,1,4.774918079376221,-5.117818355560303,1
Clemson-DND_p291_c2_grm_std_uni,1,5.342756271362305,-5.7048773765563965,1
Clemson-DND_p291_c2_grm_std_uni,1,5.6173505783081055,-5.91824197769165,1
Clemson-DND_p291_c2_grm_std_uni,1,5.182835578918457,-5.43619441986084,1
Clemson-DND_p291_c2_grm_std_uni,1,4.966058254241943,-5.283840656280518,1
Clemson-DND_p291_c2_grm_std_uni,1,5.046370029449463,-5.320561408996582,1
Clemson-DND_p291_c2_grm_std_uni,1,5.4929046630859375,-5.576359748840332,1
Clemson-DND_p291_c2_grm_std_uni,1,5.597095012664795,-5.377206325531006,1
Clemson-DND_p291_c2_grm_std_uni,1,5.30612850189209,-4.847115516662598,1
Clemson-DND_p291_c2_grm_std_uni,1,5.681543827056885,-4.666040420532227,1
Clemson-DND_p291_c2_grm_std_uni,1,5.633697986602783,-4.801184177398682,1
Clemson-DND_p291_c2_grm_std_uni,1,5.053633689880371,-4.078907489776611,1
Clemson-DND_p291_c2_grm_std_uni,1,5.008459091186523,-5.044328689575195,1
Clemson-DND_p291_c2_grm_std_uni,1,5.178377628326416,-5.380685806274414,1
Clemson-DND_p291_c2_grm_std_uni,1,5.869060039520264,-5.927943706512451,1
Clemson-DND_p291_c2_grm_std_uni,1,5.692621231079102,-5.209924221038818,1
Clemson-DND_p291_c2_grm_std_uni,1,4.819413185119629,-4.940136909484863,1
Clemson-DND_p291_c2_grm_std_uni,1,4.384149551391602,-4.647028923034668,1
Clemson-DND_p291_c2_grm_std_uni,1,4.902001857757568,-4.8472676277160645,1
Clemson-DND_p291_c2_grm_std_uni,1,4.006851673126221,-4.394363880157471,1
Clemson-DND_p291_c2_grm_std_uni,1,4.055379390716553,-4.701208591461182,1
Clemson-DND_p291_c2_grm_std_uni,1,3.9739625453948975,-4.685506820678711,1
Clemson-DND_p291_c2_grm_std_uni,1,3.721115827560425,-4.380486011505127,1
Clemson-DND_p291_c2_grm_std_uni,1,3.96551251411438,-4.553317546844482,1
Clemson-DND_p291_c2_grm_std_uni,1,3.9282190799713135,-4.87007474899292,1
Clemson-DND_p291_c2_grm_std_uni,1,4.291759967803955,-5.194462299346924,1
Clemson-DND_p291_c2_grm_std_uni,1,5.0201921463012695,-5.593428611755371,1
Clemson-DND_p291_c2_grm_std_uni,1,4.235650062561035,-5.3784613609313965,1
Clemson-DND_p291_c2_grm_std_uni,1,4.309140205383301,-5.333495140075684,1
Clemson-DND_p291_c2_grm_std_uni,1,5.001838207244873,-6.467793941497803,1
Clemson-DND_p291_c2_grm_std_uni,1,5.404780864715576,-6.462894916534424,1
Clemson-DND_p291_c2_grm_std_uni,1,5.511948108673096,-5.264658451080322,1
Clemson-DND_p291_c2_grm_std_uni,1,6.190641403198242,-5.679323673248291,1
Clemson-DND_p291_c2_grm_std_uni,1,6.10117244720459,-4.942298412322998,1
Clemson-DND_p291_c2_grm_std_uni,1,5.959349155426025,-5.213846206665039,1
Clemson-DND_p291_c2_grm_std_uni,1,6.094069004058838,-5.505537986755371,1
Clemson-DND_p291_c2_grm_std_uni,1,6.556025505065918,-5.827577114105225,1
Clemson-DND_p291_c2_grm_std_uni,1,6.0856828689575195,-5.552384376525879,1
Clemson-DND_p291_c2_grm_std_uni,1,5.813470840454102,-5.7138671875,1
Clemson-DND_p291_c2_grm_std_uni,1,5.731579303741455,-5.857413291931152,1
Clemson-DND_p291_c2_grm_std_uni,1,5.392983436584473,-5.489077568054199,1
Clemson-DND_p291_c2_grm_std_uni,1,4.520563125610352,-4.8795647621154785,1
Clemson-DND_p291_c2_grm_std_uni,1,4.917616844177246,-5.459156513214111,1
Clemson-DND_p291_c2_grm_std_uni,1,4.844021797180176,-5.552516460418701,1
Clemson-DND_p291_c2_grm_std_uni,1,5.079524517059326,-5.334352493286133,1
Clemson-DND_p291_c2_grm_std_uni,1,5.865062236785889,-5.614857196807861,1
Clemson-DND_p291_c2_grm_std_uni,1,6.267394065856934,-5.501088619232178,1
Clemson-DND_p291_c2_grm_std_uni,1,6.375826358795166,-5.633960247039795,1
Clemson-DND_p291_c2_grm_std_uni,1,6.454300403594971,-5.63712215423584,1
Clemson-DND_p291_c2_grm_std_uni,1,5.88732385635376,-5.399392127990723,1
Clemson-DND_p291_c2_grm_std_uni,1,5.706324577331543,-5.3744401931762695,1
Clemson-DND_p291_c2_grm_std_uni,1,5.676445960998535,-5.634581089019775,1
Clemson-DND_p291_c2_grm_std_uni,1,5.966684818267822,-5.781160354614258,1
Clemson-DND_p291_c2_grm_std_uni,1,5.654399394989014,-5.289621829986572,1
Clemson-DND_p291_c2_grm_std_uni,1,5.214685440063477,-4.568808078765869,1
Clemson-DND_p291_c2_grm_std_uni,1,5.408414840698242,-4.995663166046143,1
Clemson-DND_p291_c2_grm_std_uni,1,5.0457892417907715,-4.986390113830566,1
Clemson-DND_p291_c2_grm_std_uni,1,5.309727191925049,-5.106929302215576,1
Clemson-DND_p291_c2_grm_std_uni,1,5.513596534729004,-5.3590168952941895,1
Clemson-DND_p291_c2_grm_std_uni,1,5.972602367401123,-5.210019111633301,1
Clemson-DND_p291_c2_grm_std_uni,1,6.096299171447754,-5.295511245727539,1
Clemson-DND_p291_c2_grm_std_uni,2,6.2875075340271,-5.510259628295898,1
Clemson-DND_p291_c2_grm_std_uni,1,5.868322372436523,-5.17415189743042,1
Clemson-DND_p291_c2_grm_std_uni,1,5.112374782562256,-4.792023181915283,1
Clemson-DND_p291_c2_grm_std_uni,1,5.401645183563232,-4.836235046386719,1
Clemson-DND_p291_c2_grm_std_uni,1,4.77374792098999,-4.896669864654541,1
Clemson-DND_p291_c2_grm_std_uni,1,5.107833385467529,-5.231840133666992,1
Clemson-DND_p291_c2_grm_std_uni,1,5.244956970214844,-5.125461101531982,1
Clemson-DND_p291_c2_grm_std_uni,1,5.357858657836914,-4.9524641036987305,1
Clemson-DND_p291_c2_grm_std_uni,1,5.45310115814209,-5.165963649749756,1
Clemson-DND_p291_c2_grm_std_uni,1,5.427621841430664,-5.400855541229248,1
Clemson-DND_p291_c2_grm_std_uni,1,5.718542575836182,-5.722412109375,1
Clemson-DND_p291_c2_grm_std_uni,1,5.621062755584717,-5.382428169250488,1
Clemson-DND_p291_c2_grm_std_uni,1,5.5053510665893555,-5.315317630767822,1
Clemson-DND_p291_c2_grm_std_uni,1,5.363978385925293,-5.401977062225342,1
Clemson-DND_p291_c2_grm_std_uni,1,5.243973255157471,-5.654037952423096,1
Clemson-DND_p291_c2_grm_std_uni,1,4.838127613067627,-5.4300127029418945,1
Clemson-DND_p291_c2_grm_std_uni,1,4.754514217376709,-5.39623498916626,1
Clemson-DND_p291_c2_grm_std_uni,1,4.5071797370910645,-4.494355201721191,1
Clemson-DND_p291_c2_grm_std_uni,1,4.420157432556152,-4.212812423706055,1
Clemson-DND_p291_c2_grm_std_uni,1,4.704851150512695,-4.467879772186279,1
Clemson-DND_p291_c2_grm_std_uni,1,5.123230934143066,-5.227634906768799,1
Clemson-DND_p291_c2_grm_std_uni,1,5.166541576385498,-5.059225559234619,1
Clemson-DND_p291_c2_grm_std_uni,1,5.691110610961914,-5.400420665740967,1
Clemson-DND_p291_c2_grm_std_uni,1,5.76215934753418,-5.236145496368408,1
Clemson-DND_p291_c2_grm_std_uni,1,6.010367393493652,-5.654541969299316,1
Clemson-DND_p291_c2_grm_std_uni,1,6.304694652557373,-5.760100364685059,1
Clemson-DND_p291_c2_grm_std_uni,1,6.449957370758057,-5.722373008728027,1
Clemson-DND_p291_c2_grm_std_uni,1,6.2701239585876465,-5.011971950531006,1
Clemson-DND_p291_c2_grm_std_uni,1,6.0152268409729,-4.901021957397461,1
Clemson-DND_p291_c2_grm_std_uni,1,5.622716903686523,-5.26039457321167,1
Clemson-DND_p291_c2_grm_std_uni,1,5.8118486404418945,-6.011995315551758,1
Clemson-DND_p291_c2_grm_std_uni,1,5.951532363891602,-6.524783134460449,1
Clemson-DND_p291_c2_grm_std_uni,1,5.683419704437256,-5.843640327453613,1
Clemson-DND_p291_c2_grm_std_uni,1,5.502697944641113,-5.202668190002441,1
Clemson-DND_p291_c2_grm_std_uni,1,5.196767807006836,-5.317461013793945,1
Clemson-DND_p291_c2_grm_std_uni,1,6.09119987487793,-6.535918235778809,1
Clemson-DND_p291_c2_grm_std_uni,1,5.873342990875244,-6.44490385055542,1
Clemson-DND_p291_c2_grm_std_uni,1,5.367947101593018,-5.6903486251831055,1
Clemson-DND_p291_c2_grm_std_uni,1,4.922689437866211,-5.153305530548096,1
Clemson-DND_p291_c2_grm_std_uni,1,5.12208890914917,-5.51109504699707,1
Clemson-DND_p291_c2_grm_std_uni,1,5.917532920837402,-6.193905830383301,1
Clemson-DND_p291_c2_grm_std_uni,1,5.8657917976379395,-6.286553859710693,1
Clemson-DND_p291_c2_grm_std_uni,1,5.672423839569092,-5.915350914001465,1
Clemson-DND_p291_c2_grm_std_uni,1,5.8286051750183105,-6.079079627990723,1
Clemson-DND_p291_c2_grm_std_uni,1,5.348129749298096,-6.0380754470825195,1
Clemson-DND_p291_c2_grm_std_uni,1,5.421874046325684,-6.213217735290527,1
Clemson-DND_p291_c2_grm_std_uni,1,5.460708141326904,-6.325564384460449,1
Clemson-DND_p291_c2_grm_std_uni,1,5.799867153167725,-6.621629238128662,1
Clemson-DND_p291_c2_grm_std_uni,1,6.553762912750244,-6.874600887298584,1
Clemson-DND_p291_c2_grm_std_uni,1,6.2650146484375,-5.794347763061523,1
Clemson-DND_p291_c2_grm_std_uni,1,5.873726844787598,-5.732119560241699,1
Clemson-DND_p291_c2_grm_std_uni,1,5.407403945922852,-5.659374713897705,1
Clemson-DND_p291_c2_grm_std_uni,1,5.451510429382324,-6.0093512535095215,1
Clemson-DND_p291_c2_grm_std_uni,1,5.104396343231201,-5.585273265838623,1
Clemson-DND_p291_c2_grm_std_uni,1,5.241067886352539,-5.471462726593018,1
Clemson-DND_p291_c2_grm_std_uni,1,5.039242267608643,-5.354345798492432,1
Clemson-DND_p291_c2_grm_std_uni,1,4.993407249450684,-5.242796421051025,1
Clemson-DND_p291_c2_grm_std_uni,1,5.236977577209473,-5.679408073425293,1
Clemson-DND_p291_c2_grm_std_uni,1,5.316667079925537,-5.842390060424805,1
Clemson-DND_p291_c2_grm_std_uni,1,5.631993293762207,-6.0082621574401855,1
Clemson-DND_p291_c2_grm_std_uni,1,5.7013373374938965,-5.992027759552002,1
Clemson-DND_p291_c2_grm_std_uni,1,5.6535964012146,-6.174768924713135,1
Clemson-DND_p291_c2_grm_std_uni,1,4.746609687805176,-4.99661111831665,1
Clemson-DND_p291_c2_grm_std_uni,1,4.728986740112305,-4.984589099884033,1
Clemson-DND_p291_c2_grm_std_uni,1,4.863801956176758,-5.379518985748291,1
Clemson-DND_p291_c2_grm_std_uni,1,5.190232276916504,-5.772913932800293,1
Clemson-DND_p291_c2_grm_std_uni,1,4.938932418823242,-5.734768867492676,1
Clemson-DND_p291_c2_grm_std_uni,1,5.072520732879639,-5.769070625305176,1
Clemson-DND_p291_c2_grm_std_uni,1,5.017601490020752,-5.679801940917969,1
Clemson-DND_p291_c2_grm_std_uni,1,5.5028300285339355,-6.102739334106445,1
Clemson-DND_p291_c2_grm_std_uni,1,5.738457202911377,-6.254635334014893,1
Clemson-DND_p291_c2_grm_std_uni,1,5.723182678222656,-6.217495918273926,1
Clemson-DND_p291_c2_grm_std_uni,1,5.795038223266602,-6.365715503692627,1
Clemson-DND_p291_c2_grm_std_uni,1,5.722234725952148,-6.306891918182373,1
Clemson-DND_p291_c2_grm_std_uni,1,6.052297115325928,-6.6626973152160645,1
Clemson-DND_p291_c2_grm_std_uni,1,6.50565242767334,-6.936368465423584,1
Clemson-DND_p291_c2_grm_std_uni,1,6.238168239593506,-7.078684329986572,1
Clemson-DND_p291_c2_grm_std_uni,1,5.883665561676025,-6.832890033721924,1
Clemson-DND_p291_c2_grm_std_uni,1,5.450823783874512,-6.643868446350098,1
Clemson-DND_p291_c2_grm_std_uni,1,5.511999607086182,-6.431728839874268,1
Clemson-DND_p291_c2_grm_std_uni,1,5.127040386199951,-6.1616950035095215,1
Clemson-DND_p291_c2_grm_std_uni,1,5.699685096740723,-6.374706745147705,1
Clemson-DND_p291_c2_grm_std_uni,1,5.455505847930908,-5.892401695251465,1
Clemson-DND_p291_c2_grm_std_uni,1,5.242459297180176,-5.340700626373291,1
Clemson-DND_p291_c2_grm_std_uni,1,5.6114983558654785,-5.561093807220459,1
Clemson-DND_p291_c2_grm_std_uni,1,5.86769962310791,-6.03687047958374,1
Clemson-DND_p291_c2_grm_std_uni,1,5.841736316680908,-6.245245456695557,1
Clemson-DND_p291_c2_grm_std_uni,1,5.809664726257324,-6.202308654785156,1
Clemson-DND_p291_c2_grm_std_uni,1,5.701812267303467,-6.3114423751831055,1
Clemson-DND_p291_c2_grm_std_uni,1,5.816415309906006,-6.294214248657227,1
Clemson-DND_p291_c2_grm_std_uni,1,5.698549747467041,-6.188863754272461,1
Clemson-DND_p291_c2_grm_std_uni,1,5.474911689758301,-6.277287006378174,1
Clemson-DND_p291_c2_grm_std_uni,1,5.388976097106934,-6.234448432922363,1
Clemson-DND_p291_c2_grm_std_uni,1,4.909470558166504,-5.542171955108643,1
Clemson-DND_p291_c2_grm_std_uni,1,4.750098705291748,-5.118442058563232,1
Clemson-DND_p291_c2_grm_std_uni,1,5.277645587921143,-5.201443672180176,1
Clemson-DND_p291_c2_grm_std_uni,1,5.1785430908203125,-4.977227210998535,1
Clemson-DND_p291_c2_grm_std_uni,1,5.001755714416504,-5.120344638824463,1
Clemson-DND_p291_c2_grm_std_uni,1,5.0092339515686035,-4.798410415649414,1
Clemson-DND_p291_c2_grm_std_uni,1,5.422365188598633,-5.091310024261475,1
Clemson-DND_p291_c2_grm_std_uni,1,5.645864963531494,-5.271338939666748,1
Clemson-DND_p291_c2_grm_std_uni,1,5.827321529388428,-5.102475643157959,1
Clemson-DND_p291_c2_grm_std_uni,1,5.6488752365112305,-4.648435592651367,1
Clemson-DND_p291_c2_grm_std_uni,1,5.1090216636657715,-5.223108291625977,1
Clemson-DND_p291_c2_grm_std_uni,1,4.92268705368042,-5.435347080230713,1
Clemson-DND_p291_c2_grm_std_uni,1,4.791452407836914,-5.521063804626465,1
Clemson-DND_p291_c2_grm_std_uni,1,5.038812160491943,-5.327295303344727,1
Clemson-DND_p291_c2_grm_std_uni,1,5.1717658042907715,-4.769059181213379,1
Clemson-DND_p291_c2_grm_std_uni,1,4.989645004272461,-4.60366678237915,1
Clemson-DND_p291_c2_grm_std_uni,1,5.580947399139404,-5.052384376525879,1
Clemson-DND_p291_c2_grm_std_uni,1,5.519591331481934,-5.316648483276367,1
Clemson-DND_p291_c2_grm_std_uni,1,5.140823841094971,-4.926914691925049,1
Clemson-DND_p291_c2_grm_std_uni,1,5.111528396606445,-4.968018054962158,1
Clemson-DND_p291_c2_grm_std_uni,1,4.995556354522705,-4.912442684173584,1
Clemson-DND_p291_c2_grm_std_uni,1,4.844188213348389,-4.917017459869385,1
Clemson-DND_p291_c2_grm_std_uni,1,4.899960041046143,-4.717167377471924,1
Clemson-DND_p291_c2_grm_std_uni,1,4.8429999351501465,-4.6599602699279785,1
Clemson-DND_p291_c2_grm_std_uni,1,4.97755241394043,-4.462549686431885,1
Clemson-DND_p291_c2_grm_std_uni,1,4.848791599273682,-4.3747663497924805,1
Clemson-DND_p291_c2_grm_std_uni,1,4.769523620605469,-4.464211940765381,1
Clemson-DND_p291_c2_grm_std_uni,1,5.738502502441406,-4.90921688079834,1
Clemson-DND_p291_c2_grm_std_uni,1,5.571200847625732,-5.40778923034668,1
Clemson-DND_p291_c2_grm_std_uni,1,5.216357231140137,-5.238354206085205,1
Clemson-DND_p291_c2_grm_std_uni,1,5.012070178985596,-5.089177131652832,1
Clemson-DND_p291_c2_grm_std_uni,1,4.789917945861816,-4.725613594055176,1
Clemson-DND_p291_c2_grm_std_uni,1,4.500328540802002,-4.017642974853516,1
Clemson-DND_p291_c2_grm_std_uni,1,4.276835918426514,-3.647568941116333,1
Clemson-DND_p291_c2_grm_std_uni,1,4.435702323913574,-4.167839050292969,1
Clemson-DND_p291_c2_grm_std_uni,1,4.773428916931152,-4.487390041351318,1
Clemson-DND_p291_c2_grm_std_uni,1,4.992189884185791,-5.025275707244873,1
Clemson-DND_p291_c2_grm_std_uni,1,4.468054294586182,-4.490778923034668,1
Clemson-DND_p291_c2_grm_std_uni,1,4.443146705627441,-4.816401958465576,1
Clemson-DND_p291_c2_grm_std_uni,1,4.879634380340576,-5.002184867858887,1
Clemson-DND_p291_c2_grm_std_uni,1,4.655473709106445,-4.773265361785889,1
Clemson-DND_p291_c2_grm_std_uni,1,4.352502822875977,-4.915887355804443,1
Clemson-DND_p291_c2_grm_std_uni,1,4.541563987731934,-4.861383438110352,1
Clemson-DND_p291_c2_grm_std_uni,1,4.46457052230835,-4.784534931182861,1
Clemson-DND_p291_c2_grm_std_uni,1,4.474143981933594,-4.815882682800293,1
Clemson-DND_p291_c2_grm_std_uni,1,4.59309720993042,-4.864567756652832,1
Clemson-DND_p291_c2_grm_std_uni,1,5.483173847198486,-4.974571704864502,1
Clemson-DND_p291_c2_grm_std_uni,1,5.640649795532227,-4.8988237380981445,1
Clemson-DND_p291_c2_grm_std_uni,1,5.882956027984619,-5.099940776824951,1
Clemson-DND_p291_c2_grm_std_uni,1,5.620211601257324,-5.157288551330566,1
Clemson-DND_p291_c2_grm_std_uni,1,5.100601673126221,-5.611379146575928,1
Clemson-DND_p291_c2_grm_std_uni,1,4.9923882484436035,-5.58474063873291,1
Clemson-DND_p291_c2_grm_std_uni,1,5.001737117767334,-5.819710731506348,1
Clemson-DND_p291_c2_grm_std_uni,1,5.5791850090026855,-6.670680522918701,1
Clemson-DND_p291_c2_grm_std_uni,1,5.935384273529053,-6.988821029663086,1
Clemson-DND_p291_c2_grm_std_uni,1,6.13398551940918,-7.106108665466309,1
Clemson-DND_p291_c2_grm_std_uni,1,5.863255977630615,-6.581007480621338,1
Clemson-DND_p291_c2_grm_std_uni,1,5.704183578491211,-5.9942145347595215,1
Clemson-DND_p291_c2_grm_std_uni,1,5.778578758239746,-5.920292854309082,1
Clemson-DND_p291_c2_grm_std_uni,1,6.005123615264893,-5.974184989929199,1
Clemson-DND_p291_c2_grm_std_uni,1,6.025968074798584,-6.097508907318115,1
Clemson-DND_p291_c2_grm_std_uni,1,5.627936840057373,-5.7565693855285645,1
Clemson-DND_p291_c2_grm_std_uni,1,5.434234142303467,-5.927630424499512,1
Clemson-DND_p291_c2_grm_std_uni,1,5.966888904571533,-6.317095756530762,1
Clemson-DND_p291_c2_grm_std_uni,1,5.667504787445068,-6.2421417236328125,1
Clemson-DND_p291_c2_grm_std_uni,1,5.3494367599487305,-5.692241191864014,1
Clemson-DND_p291_c2_grm_std_uni,1,5.008809566497803,-5.421412944793701,1
Clemson-DND_p291_c2_grm_std_uni,1,5.177292823791504,-6.069258213043213,1
Clemson-DND_p291_c2_grm_std_uni,1,5.606011390686035,-6.6657843589782715,1
Clemson-DND_p291_c2_grm_std_uni,1,4.679772853851318,-6.2827606201171875,1
Clemson-DND_p291_c2_grm_std_uni,1,3.7044856548309326,-5.166729927062988,1
Clemson-DND_p291_c2_grm_std_uni,1,3.9218368530273438,-5.367579460144043,1
Clemson-DND_p291_c2_grm_std_uni,1,4.540700435638428,-5.999686241149902,1
Clemson-DND_p291_c2_grm_std_uni,1,4.5574140548706055,-6.133103847503662,1
Clemson-DND_p291_c2_grm_std_uni,1,4.343681335449219,-5.977606773376465,1
Clemson-DND_p291_c2_grm_std_uni,1,4.319231986999512,-5.783541202545166,1
Clemson-DND_p291_c2_grm_std_uni,1,4.030623435974121,-5.338225364685059,1
Clemson-DND_p291_c2_grm_std_uni,1,4.145995616912842,-5.447179317474365,1
Clemson-DND_p291_c2_grm_std_uni,1,4.594457626342773,-6.0439348220825195,1
Clemson-DND_p291_c2_grm_std_uni,1,3.681231737136841,-5.818211555480957,1
Clemson-DND_p291_c2_grm_std_uni,1,3.1237707138061523,-5.06637716293335,1
Clemson-DND_p291_c2_grm_std_uni,1,3.2803540229797363,-4.808210849761963,1
Clemson-DND_p291_c2_grm_std_uni,1,3.562117576599121,-4.796485424041748,1
Clemson-DND_p291_c2_grm_std_uni,1,4.110074520111084,-5.349991321563721,1
Clemson-DND_p291_c2_grm_std_uni,1,3.598205089569092,-5.248754501342773,1
Clemson-DND_p291_c2_grm_std_uni,1,3.734332323074341,-5.343029975891113,1
Clemson-DND_p291_c2_grm_std_uni,1,3.4478261470794678,-4.978146076202393,1
Clemson-DND_p291_c2_grm_std_uni,1,3.7539470195770264,-5.073688983917236,1
Clemson-DND_p291_c2_grm_std_uni,1,4.857919692993164,-6.122529029846191,1
Clemson-DND_p291_c2_grm_std_uni,1,5.084211826324463,-6.741367816925049,1
Clemson-DND_p291_c2_grm_std_uni,1,4.907215595245361,-7.0357561111450195,1
Clemson-DND_p291_c2_grm_std_uni,1,3.980128049850464,-6.466276168823242,1
Clemson-DND_p291_c2_grm_std_uni,1,4.454678058624268,-6.7940897941589355,1
Clemson-DND_p291_c2_grm_std_uni,1,3.5229949951171875,-5.002095699310303,1
Clemson-DND_p291_c2_grm_std_uni,1,3.498584032058716,-4.344905376434326,1
Clemson-DND_p291_c2_grm_std_uni,1,4.894298076629639,-5.600595474243164,1
Clemson-DND_p291_c2_grm_std_uni,1,6.111117362976074,-6.769320487976074,1
Clemson-DND_p291_c2_grm_std_uni,1,5.217564105987549,-6.4954304695129395,1
Clemson-DND_p291_c2_grm_std_uni,1,4.82630729675293,-6.4673943519592285,1
Clemson-DND_p291_c2_grm_std_uni,1,4.9768500328063965,-7.078082084655762,1
Clemson-DND_p291_c2_grm_std_uni,1,4.663544178009033,-6.295095443725586,1
Clemson-DND_p291_c2_grm_std_uni,1,4.349370956420898,-4.637036323547363,1
Clemson-DND_p291_c2_grm_std_uni,1,4.408829689025879,-3.965424060821533,1
Clemson-DND_p291_c2_grm_std_uni,1,5.118959903717041,-4.67596960067749,1
Clemson-DND_p291_c2_grm_std_uni,1,5.485475063323975,-5.594768047332764,1
Clemson-DND_p291_c2_grm_std_uni,1,6.055258750915527,-6.31008768081665,1
Clemson-DND_p291_c2_grm_std_uni,1,6.092607021331787,-6.687806606292725,1
Clemson-DND_p291_c2_grm_std_uni,1,5.9825286865234375,-5.789804935455322,1
Clemson-DND_p291_c2_grm_std_uni,1,6.018177509307861,-5.772082328796387,1
Clemson-DND_p291_c2_grm_std_uni,1,5.977874755859375,-5.2917561531066895,1
Clemson-DND_p291_c2_grm_std_uni,1,5.800693988800049,-4.8251519203186035,1
Clemson-DND_p291_c2_grm_std_uni,1,5.039437294006348,-4.860019207000732,1
Clemson-DND_p291_c2_grm_std_uni,1,6.214163303375244,-5.858613014221191,1
Clemson-DND_p291_c2_grm_std_uni,1,6.6497955322265625,-5.549288749694824,1
Clemson-DND_p291_c2_grm_std_uni,1,6.807124614715576,-5.713646411895752,1
Clemson-DND_p291_c2_grm_std_uni,1,6.325743675231934,-5.7210307121276855,1
Clemson-DND_p291_c2_grm_std_uni,1,6.177032470703125,-5.847943305969238,1
Clemson-DND_p291_c2_grm_std_uni,1,6.540678977966309,-5.833558559417725,1
Clemson-DND_p291_c2_grm_std_uni,1,6.598263263702393,-5.744872570037842,1
Clemson-DND_p291_c2_grm_std_uni,1,6.312218189239502,-5.911176681518555,1
Clemson-DND_p291_c2_grm_std_uni,1,5.96710205078125,-5.802481651306152,1
Clemson-DND_p291_c2_grm_std_uni,1,5.404755115509033,-5.313451290130615,1
Clemson-DND_p291_c2_grm_std_uni,1,5.6121063232421875,-5.6337971687316895,1
Clemson-DND_p291_c2_grm_std_uni,1,5.079151630401611,-4.7260661125183105,1
Clemson-DND_p291_c2_grm_std_uni,1,4.763352394104004,-4.723005294799805,1
Clemson-DND_p291_c2_grm_std_uni,1,4.653995037078857,-4.906624794006348,1
Clemson-DND_p291_c2_grm_std_uni,1,5.216940879821777,-5.452805519104004,1
Clemson-DND_p291_c2_grm_std_uni,1,5.361454963684082,-5.420628070831299,1
Clemson-DND_p291_c2_grm_std_uni,1,5.329756259918213,-5.36927604675293,1
Clemson-DND_p291_c2_grm_std_uni,1,5.1538615226745605,-5.2186665534973145,1
Clemson-DND_p291_c2_grm_std_uni,1,5.810224533081055,-5.6146769523620605,1
Clemson-DND_p291_c2_grm_std_uni,1,6.325136184692383,-5.663470268249512,1
Clemson-DND_p291_c2_grm_std_uni,1,5.933893203735352,-4.754258155822754,1
Clemson-DND_p291_c2_grm_std_uni,1,5.075302600860596,-4.98877477645874,1
Clemson-DND_p291_c2_grm_std_uni,1,5.009936809539795,-5.148643493652344,1
Clemson-DND_p291_c2_grm_std_uni,1,5.4123148918151855,-5.6513566970825195,1
Clemson-DND_p291_c2_grm_std_uni,1,5.077589511871338,-4.8751044273376465,1
Clemson-DND_p291_c2_grm_std_uni,1,5.5143938064575195,-5.032297611236572,1
Clemson-DND_p291_c2_grm_std_uni,1,5.4483137130737305,-5.259873390197754,1
Clemson-DND_p291_c2_grm_std_uni,1,5.7007341384887695,-5.430502414703369,1
Clemson-DND_p291_c2_grm_std_uni,1,6.106034278869629,-5.355429649353027,1
Clemson-DND_p291_c2_grm_std_uni,1,5.607032775878906,-4.460871696472168,1
Clemson-DND_p291_c2_grm_std_uni,1,5.260458946228027,-4.643097877502441,1
Clemson-DND_p291_c2_grm_std_uni,1,4.745253562927246,-4.650553226470947,1
Clemson-DND_p291_c2_grm_std_uni,1,5.269074440002441,-5.16881799697876,1
Clemson-DND_p291_c2_grm_std_uni,1,5.163143634796143,-4.752413272857666,1
Clemson-DND_p291_c2_grm_std_uni,1,5.076664924621582,-4.731901168823242,1
Clemson-DND_p291_c2_grm_std_uni,1,5.300529479980469,-5.171180248260498,1
Clemson-DND_p291_c2_grm_std_uni,1,5.490911483764648,-5.5206828117370605,1
Clemson-DND_p291_c2_grm_std_uni,1,5.804571628570557,-5.5827956199646,1
Clemson-DND_p291_c2_grm_std_uni,1,6.227833271026611,-5.312304973602295,1
Clemson-DND_p291_c2_grm_std_uni,1,6.174598693847656,-5.4759440422058105,1
Clemson-DND_p291_c2_grm_std_uni,1,5.4153642654418945,-5.459733486175537,1
Clemson-DND_p291_c2_grm_std_uni,1,5.162480354309082,-5.1278977394104,1
Clemson-DND_p291_c2_grm_std_uni,1,5.079609394073486,-5.596105098724365,1
Clemson-DND_p291_c2_grm_std_uni,1,5.182494640350342,-5.79068660736084,1
Clemson-DND_p291_c2_grm_std_uni,1,5.25398063659668,-5.479476451873779,1
Clemson-DND_p291_c2_grm_std_uni,1,5.567093849182129,-5.093946933746338,1
Clemson-DND_p291_c2_grm_std_uni,1,5.489351749420166,-4.61467170715332,1
Clemson-DND_p291_c2_grm_std_uni,1,5.166787147521973,-4.468377590179443,1
Clemson-DND_p291_c2_grm_std_uni,1,4.988580226898193,-5.011775016784668,1
Clemson-DND_p291_c2_grm_std_uni,1,5.126542091369629,-5.376945495605469,1
Clemson-DND_p291_c2_grm_std_uni,1,5.250114917755127,-5.333854675292969,1
Clemson-DND_p291_c2_grm_std_uni,1,5.2462029457092285,-5.075615406036377,1
Clemson-DND_p291_c2_grm_std_uni,1,5.391500473022461,-5.228697299957275,1
Clemson-DND_p291_c2_grm_std_uni,1,5.464853763580322,-5.0897908210754395,1
Clemson-DND_p291_c2_grm_std_uni,1,4.902231693267822,-4.559686660766602,1
Clemson-DND_p291_c2_grm_std_uni,1,4.998871326446533,-4.652291774749756,1
Clemson-DND_p291_c2_grm_std_uni,1,5.158785820007324,-4.840271949768066,1
Clemson-DND_p291_c2_grm_std_uni,1,5.324919700622559,-5.055643558502197,1
Clemson-DND_p291_c2_grm_std_uni,1,5.437354564666748,-5.219662189483643,1
Clemson-DND_p291_c2_grm_std_uni,1,5.623913288116455,-5.188668251037598,1
Clemson-DND_p291_c2_grm_std_uni,1,5.42457914352417,-5.100249290466309,1
Clemson-DND_p291_c2_grm_std_uni,1,5.8654985427856445,-5.299352169036865,1
Clemson-DND_p291_c2_grm_std_uni,1,6.050886154174805,-5.452993392944336,1
Clemson-DND_p291_c2_grm_std_uni,1,6.0128560066223145,-5.735051155090332,1
Clemson-DND_p291_c2_grm_std_uni,1,5.9671950340271,-5.729908466339111,1
Clemson-DND_p291_c2_grm_std_uni,1,5.803864479064941,-5.850454807281494,1
Clemson-DND_p291_c2_grm_std_uni,1,5.757414817810059,-5.77597713470459,1
Clemson-DND_p291_c2_grm_std_uni,1,5.516867160797119,-5.342027187347412,1
Clemson-DND_p291_c2_grm_std_uni,1,5.220818042755127,-5.161006450653076,1
Clemson-DND_p291_c2_grm_std_uni,1,5.277419567108154,-5.190625190734863,1
Clemson-DND_p291_c2_grm_std_uni,1,5.050572872161865,-5.100688457489014,1
Clemson-DND_p291_c2_grm_std_uni,1,5.114146709442139,-5.154754161834717,1
Clemson-DND_p291_c2_grm_std_uni,1,5.007596492767334,-4.847468376159668,1
Clemson-DND_p291_c2_grm_std_uni,1,4.980898857116699,-4.749290943145752,1
Clemson-DND_p291_c2_grm_std_uni,1,5.153926372528076,-4.437028408050537,1
Clemson-DND_p291_c2_grm_std_uni,1,5.057244777679443,-4.724270820617676,1
Clemson-DND_p291_c2_grm_std_uni,1,5.009406089782715,-5.057389259338379,1
Clemson-DND_p291_c2_grm_std_uni,1,4.641260147094727,-4.961428642272949,1
Clemson-DND_p291_c2_grm_std_uni,1,5.172464370727539,-5.507781982421875,1
Clemson-DND_p291_c2_grm_std_uni,1,5.3089776039123535,-5.2984795570373535,1
Clemson-DND_p291_c2_grm_std_uni,1,4.970376014709473,-4.874600887298584,1
Clemson-DND_p291_c2_grm_std_uni,1,4.719260215759277,-4.791327953338623,1
Clemson-DND_p291_c2_grm_std_uni,1,4.424589157104492,-4.389626502990723,1
Clemson-DND_p291_c2_grm_std_uni,1,5.119699001312256,-5.3368239402771,1
Clemson-DND_p291_c2_grm_std_uni,1,4.500526428222656,-4.922333717346191,1
Clemson-DND_p291_c2_grm_std_uni,1,4.084925174713135,-4.583604335784912,1
Clemson-DND_p291_c2_grm_std_uni,1,4.0801873207092285,-4.431115627288818,1
Clemson-DND_p291_c2_grm_std_uni,1,3.7066774368286133,-4.363296985626221,1
Clemson-DND_p291_c2_grm_std_uni,1,3.3887548446655273,-3.8710885047912598,1
Clemson-DND_p291_c2_grm_std_uni,1,3.749192237854004,-4.428464412689209,1
Clemson-DND_p291_c2_grm_std_uni,1,3.812056541442871,-4.7009196281433105,1
Clemson-DND_p291_c2_grm_std_uni,1,3.826122522354126,-5.047050952911377,1
Clemson-DND_p291_c2_grm_std_uni,1,4.245290756225586,-5.307330131530762,1
Clemson-DND_p291_c2_grm_std_uni,1,5.31894588470459,-6.452232837677002,1
Clemson-DND_p291_c2_grm_std_uni,1,5.619812965393066,-7.273619651794434,1
Clemson-DND_p291_c2_grm_std_uni,1,5.3663458824157715,-6.906785011291504,1
Clemson-DND_p291_c2_grm_std_uni,1,5.618078708648682,-6.9418559074401855,1
Clemson-DND_p291_c2_grm_std_uni,1,5.479372024536133,-6.7807817459106445,1
Clemson-DND_p291_c2_grm_std_uni,1,5.292004585266113,-5.955130577087402,1
Clemson-DND_p291_c2_grm_std_uni,1,5.417431354522705,-5.295942306518555,1
Clemson-DND_p291_c2_grm_std_uni,1,4.801790237426758,-4.302348613739014,1
Clemson-DND_p291_c2_grm_std_uni,1,4.791776657104492,-4.7728118896484375,1
Clemson-DND_p291_c2_grm_std_uni,1,5.6570143699646,-5.500068187713623,1
Clemson-DND_p291_c2_grm_std_uni,1,5.37053108215332,-6.124510288238525,1
Clemson-DND_p291_c2_grm_std_uni,1,4.318242073059082,-5.581023216247559,1
Clemson-DND_p291_c2_grm_std_uni,1,3.4647955894470215,-4.0645976066589355,1
Clemson-DND_p291_c2_grm_std_uni,1,2.7259607315063477,-3.156909465789795,1
Clemson-DND_p291_c2_grm_std_uni,1,4.222674369812012,-4.444437026977539,1
Clemson-DND_p291_c2_grm_std_uni,1,5.8609771728515625,-5.968575477600098,1
Clemson-DND_p291_c2_grm_std_uni,1,4.905701160430908,-5.699413776397705,1
Clemson-DND_p291_c2_grm_std_uni,1,3.771529197692871,-5.078344821929932,1
Clemson-DND_p291_c2_grm_std_uni,1,3.687624454498291,-5.171820163726807,1
Clemson-DND_p291_c2_grm_std_uni,1,4.2048258781433105,-5.775964736938477,1
Clemson-DND_p291_c2_grm_std_uni,1,4.824145793914795,-6.583000659942627,1
Clemson-DND_p291_c2_grm_std_uni,1,5.3758134841918945,-7.264297962188721,1
Clemson-DND_p291_c2_grm_std_uni,1,5.525358200073242,-7.257147789001465,1
Clemson-DND_p291_c2_grm_std_uni,1,5.170178413391113,-6.300958633422852,1
Clemson-DND_p291_c2_grm_std_uni,1,5.410758018493652,-6.359193801879883,1
Clemson-DND_p291_c2_grm_std_uni,1,5.618713855743408,-6.846755027770996,1
Clemson-DND_p291_c2_grm_std_uni,1,5.623775959014893,-6.917879581451416,1
Clemson-DND_p291_c2_grm_std_uni,1,5.217204570770264,-6.491868019104004,1
Clemson-DND_p291_c2_grm_std_uni,1,4.875572204589844,-6.164004325866699,1
Clemson-DND_p291_c2_grm_std_uni,1,4.935952186584473,-6.105229377746582,1
Clemson-DND_p291_c2_grm_std_uni,1,5.245401382446289,-6.204605579376221,1
Clemson-DND_p291_c2_grm_std_uni,1,5.083888530731201,-5.013687610626221,1
Clemson-DND_p291_c2_grm_std_uni,1,5.3233723640441895,-4.125006198883057,1
Clemson-DND_p291_c2_grm_std_uni,1,5.059667110443115,-3.62962007522583,1
Clemson-DND_p291_c2_grm_std_uni,1,5.732451915740967,-3.9079246520996094,1
Clemson-DND_p291_c2_grm_std_uni,1,5.639688491821289,-5.107961177825928,1
Clemson-DND_p291_c2_grm_std_uni,1,5.866489887237549,-5.0298566818237305,1
Clemson-DND_p291_c2_grm_std_uni,1,5.6197638511657715,-4.802475452423096,1
Clemson-DND_p291_c2_grm_std_uni,1,5.165798664093018,-4.899903774261475,1
Clemson-DND_p291_c2_grm_std_uni,1,4.851110458374023,-5.172024250030518,1
Clemson-DND_p291_c2_grm_std_uni,1,4.679201126098633,-5.045044898986816,1
Clemson-DND_p291_c2_grm_std_uni,1,4.99345064163208,-4.984775066375732,1
Clemson-DND_p291_c2_grm_std_uni,1,5.025396823883057,-5.1601386070251465,1
Clemson-DND_p291_c2_grm_std_uni,1,4.4923553466796875,-4.680884838104248,1
Clemson-DND_p291_c2_grm_std_uni,1,4.450030326843262,-4.254486560821533,1
Clemson-DND_p291_c2_grm_std_uni,1,4.030149459838867,-4.172634601593018,1
Clemson-DND_p291_c2_grm_std_uni,1,4.927006244659424,-4.489482402801514,1
Clemson-DND_p291_c2_grm_std_uni,1,5.497835159301758,-5.397818565368652,1
Clemson-DND_p291_c2_grm_std_uni,1,4.850363254547119,-4.656647205352783,1
Clemson-DND_p291_c2_grm_std_uni,1,5.018465042114258,-5.008448600769043,1
Clemson-DND_p291_c2_grm_std_uni,1,5.06492805480957,-5.0256452560424805,1
Clemson-DND_p291_c2_grm_std_uni,1,4.9957733154296875,-4.76719331741333,1
Clemson-DND_p291_c2_grm_std_uni,1,4.750370502471924,-4.577389717102051,1
Clemson-DND_p291_c2_grm_std_uni,1,4.808046817779541,-4.460612773895264,1
Clemson-DND_p291_c2_grm_std_uni,1,5.0410614013671875,-4.57500696182251,1
Clemson-DND_p291_c2_grm_std_uni,1,5.0500712394714355,-4.6427226066589355,1
Clemson-DND_p291_c2_grm_std_uni,1,5.113034725189209,-4.9581708908081055,1
Clemson-DND_p291_c2_grm_std_uni,1,4.6263604164123535,-4.718132019042969,1
Clemson-DND_p291_c2_grm_std_uni,1,4.534529685974121,-4.310133457183838,1
Clemson-DND_p291_c2_grm_std_uni,1,4.664284706115723,-4.370603561401367,1
Clemson-DND_p291_c2_grm_std_uni,1,4.263578414916992,-4.104743003845215,1
Clemson-DND_p291_c2_grm_std_uni,1,4.598467826843262,-4.467774868011475,1
Clemson-DND_p291_c2_grm_std_uni,1,4.613206386566162,-4.424726963043213,1
Clemson-DND_p291_c2_grm_std_uni,1,4.610850811004639,-4.373108386993408,1
Clemson-DND_p291_c2_grm_std_uni,1,4.348291397094727,-4.017531871795654,1
Clemson-DND_p291_c2_grm_std_uni,1,5.306286334991455,-4.8629889488220215,1
Clemson-DND_p291_c2_grm_std_uni,1,5.39398717880249,-4.850034713745117,1
Clemson-DND_p291_c2_grm_std_uni,1,5.271338939666748,-4.376705646514893,1
Clemson-DND_p291_c2_grm_std_uni,1,4.6512274742126465,-4.8689799308776855,1
Clemson-DND_p291_c2_grm_std_uni,1,4.879401683807373,-5.111505031585693,1
Clemson-DND_p291_c2_grm_std_uni,1,4.9610676765441895,-4.91645622253418,1
Clemson-DND_p291_c2_grm_std_uni,1,4.947246074676514,-4.76998233795166,1
Clemson-DND_p291_c2_grm_std_uni,1,4.4044413566589355,-4.259836673736572,1
Clemson-DND_p291_c2_grm_std_uni,1,4.254330635070801,-4.21768045425415,1
Clemson-DND_p291_c2_grm_std_uni,1,4.205157279968262,-3.861900568008423,1
Clemson-DND_p291_c2_grm_std_uni,1,4.027278423309326,-4.161574363708496,1
Clemson-DND_p291_c2_grm_std_uni,1,4.88225793838501,-5.06101131439209,1
Clemson-DND_p291_c2_grm_std_uni,1,4.692546367645264,-5.009461879730225,1
Clemson-DND_p291_c2_grm_std_uni,1,4.076959133148193,-4.135804176330566,1
Clemson-DND_p291_c2_grm_std_uni,1,3.717658042907715,-4.155939102172852,1
Clemson-DND_p291_c2_grm_std_uni,1,4.370417594909668,-4.698430061340332,1
Clemson-DND_p291_c2_grm_std_uni,1,5.010108470916748,-5.080082893371582,1
Clemson-DND_p291_c2_grm_std_uni,1,4.580907821655273,-4.630829334259033,1
Clemson-DND_p291_c2_grm_std_uni,1,5.178398609161377,-4.975375652313232,1
Clemson-DND_p291_c2_grm_std_uni,1,5.77462911605835,-5.0875468254089355,1
Clemson-DND_p291_c2_grm_std_uni,1,5.663530349731445,-5.40306282043457,1
Clemson-DND_p291_c2_grm_std_uni,1,5.010821342468262,-4.091179847717285,1
Clemson-DND_p291_c2_grm_std_uni,1,5.519356727600098,-4.495444297790527,1
Clemson-DND_p291_c2_grm_std_uni,1,5.2851481437683105,-4.007336139678955,1
Clemson-DND_p291_c2_grm_std_uni,1,5.048791408538818,-3.7049243450164795,1
Clemson-DND_p291_c2_grm_std_uni,1,4.677070140838623,-4.421286106109619,1
Clemson-DND_p291_c2_grm_std_uni,1,5.03762149810791,-4.95149040222168,1
Clemson-DND_p291_c2_grm_std_uni,1,5.209799289703369,-5.229577541351318,1
Clemson-DND_p291_c2_grm_std_uni,1,5.367020130157471,-5.555556774139404,1
Clemson-DND_p291_c2_grm_std_uni,1,5.11927604675293,-5.5203680992126465,1
Clemson-DND_p291_c2_grm_std_uni,1,4.736148357391357,-4.998682975769043,1
Clemson-DND_p291_c2_grm_std_uni,1,5.239675045013428,-5.110642910003662,1
Clemson-DND_p291_c2_grm_std_uni,1,4.868063926696777,-4.463352680206299,1
Clemson-DND_p291_c2_grm_std_uni,1,5.1468095779418945,-5.0483784675598145,1
Clemson-DND_p291_c2_grm_std_uni,1,5.090532302856445,-5.189193248748779,1
Clemson-DND_p291_c2_grm_std_uni,1,4.69128942489624,-5.187679767608643,1
Clemson-DND_p291_c2_grm_std_uni,1,4.7782368659973145,-5.246281623840332,1
Clemson-DND_p291_c2_grm_std_uni,1,5.323848247528076,-5.252859592437744,1
Clemson-DND_p291_c2_grm_std_uni,1,4.7269768714904785,-4.883397102355957,1
Clemson-DND_p291_c2_grm_std_uni,1,4.3919477462768555,-4.948381423950195,1
Clemson-DND_p291_c2_grm_std_uni,1,3.642655372619629,-4.125298023223877,1
Clemson-DND_p291_c2_grm_std_uni,1,3.5560030937194824,-4.1100358963012695,1
Clemson-DND_p291_c2_grm_std_uni,1,3.906135082244873,-4.349587440490723,1
Clemson-DND_p291_c2_grm_std_uni,1,4.304614067077637,-4.922183513641357,1
Clemson-DND_p291_c2_grm_std_uni,1,4.711102485656738,-5.141077518463135,1
Clemson-DND_p291_c2_grm_std_uni,1,5.001892566680908,-4.7297234535217285,1
Clemson-DND_p291_c2_grm_std_uni,1,4.767792701721191,-4.463089466094971,1
Clemson-DND_p291_c2_grm_std_uni,1,5.317811489105225,-4.471840858459473,1
Clemson-DND_p291_c2_grm_std_uni,1,5.318360328674316,-4.60231351852417,1
Clemson-DND_p291_c2_grm_std_uni,1,5.4664812088012695,-4.748559474945068,1
Clemson-DND_p291_c2_grm_std_uni,1,5.252570152282715,-4.54585075378418,1
Clemson-DND_p291_c2_grm_std_uni,1,5.090240955352783,-4.633623123168945,1
Clemson-DND_p291_c2_grm_std_uni,1,4.65186071395874,-4.796619892120361,1
Clemson-DND_p291_c2_grm_std_uni,1,4.199070930480957,-5.395452976226807,1
Clemson-DND_p291_c2_grm_std_uni,1,4.703575611114502,-5.069120407104492,1
Clemson-DND_p291_c2_grm_std_uni,1,4.224038600921631,-4.858648777008057,1
Clemson-DND_p291_c2_grm_std_uni,1,4.304219722747803,-4.829761028289795,1
Clemson-DND_p291_c2_grm_std_uni,1,4.223835468292236,-4.3358988761901855,1
Clemson-DND_p291_c2_grm_std_uni,1,4.0730156898498535,-4.139594554901123,1
Clemson-DND_p291_c2_grm_std_uni,1,4.416368007659912,-4.483068466186523,1
Clemson-DND_p291_c2_grm_std_uni,1,5.344903469085693,-4.763888359069824,1
Clemson-DND_p291_c2_grm_std_uni,1,5.145823955535889,-5.2833476066589355,1
Clemson-DND_p291_c2_grm_std_uni,1,5.172857761383057,-5.4555487632751465,1
Clemson-DND_p291_c2_grm_std_uni,1,4.950111389160156,-5.343729496002197,1
Clemson-DND_p291_c2_grm_std_uni,1,4.978381633758545,-5.5070013999938965,1
Clemson-DND_p291_c2_grm_std_uni,1,4.955453872680664,-4.91151762008667,1
Clemson-DND_p291_c2_grm_std_uni,1,4.388510227203369,-3.8040754795074463,1
Clemson-DND_p291_c2_grm_std_uni,1,4.731320858001709,-4.551497936248779,1
Clemson-DND_p291_c2_grm_std_uni,1,4.179441452026367,-4.287378787994385,1
Clemson-DND_p291_c2_grm_std_uni,1,4.009061336517334,-4.406972885131836,1
Clemson-DND_p291_c2_grm_std_uni,1,4.17297887802124,-4.490592002868652,1
Clemson-DND_p291_c2_grm_std_uni,1,4.81235408782959,-4.616449356079102,1
Clemson-DND_p291_c2_grm_std_uni,1,5.106209754943848,-4.5713677406311035,1
Clemson-DND_p291_c2_grm_std_uni,1,5.261242389678955,-4.806264400482178,1
Clemson-DND_p291_c2_grm_std_uni,1,5.270289421081543,-4.891660690307617,1
Clemson-DND_p291_c2_grm_std_uni,1,5.331585884094238,-4.98311185836792,1
Clemson-DND_p291_c2_grm_std_uni,1,4.982995986938477,-4.799738883972168,1
Clemson-DND_p291_c2_grm_std_uni,1,4.534735679626465,-4.59573221206665,1
Clemson-DND_p291_c2_grm_std_uni,1,4.79186487197876,-4.601065635681152,1
Clemson-DND_p291_c2_grm_std_uni,1,5.442639350891113,-4.772531509399414,1
Clemson-DND_p291_c2_grm_std_uni,1,5.781294822692871,-5.153871059417725,1
Clemson-DND_p291_c2_grm_std_uni,1,6.047999858856201,-5.25653076171875,1
Clemson-DND_p291_c2_grm_std_uni,1,5.590710639953613,-5.18534517288208,1
Clemson-DND_p291_c2_grm_std_uni,1,4.871381759643555,-4.9566216468811035,1
Clemson-DND_p291_c2_grm_std_uni,1,4.70196008682251,-4.987196922302246,1
Clemson-DND_p291_c2_grm_std_uni,1,5.152991771697998,-5.529875755310059,1
Clemson-DND_p291_c2_grm_std_uni,1,4.73082971572876,-4.413629055023193,1
Clemson-DND_p291_c2_grm_std_uni,1,4.047784805297852,-4.138548851013184,1
Clemson-DND_p291_c2_grm_std_uni,1,4.293705940246582,-4.27554178237915,1
Clemson-DND_p291_c2_grm_std_uni,1,4.804264545440674,-5.340641975402832,1
Clemson-DND_p291_c2_grm_std_uni,1,5.373872756958008,-5.2108235359191895,1
Clemson-DND_p291_c2_grm_std_uni,1,5.396141052246094,-5.809422492980957,1
Clemson-DND_p291_c2_grm_std_uni,1,5.35858678817749,-5.886825084686279,1
Clemson-DND_p291_c2_grm_std_uni,1,5.233701705932617,-5.603451251983643,1
Clemson-DND_p291_c2_grm_std_uni,1,4.920203685760498,-5.442053318023682,1
Clemson-DND_p291_c2_grm_std_uni,1,4.624979019165039,-4.4099202156066895,1
Clemson-DND_p291_c2_grm_std_uni,1,4.676309108734131,-4.19371223449707,1
Clemson-DND_p291_c2_grm_std_uni,1,5.053106307983398,-4.847282409667969,1
Clemson-DND_p291_c2_grm_std_uni,1,4.645176887512207,-4.226159572601318,1
Clemson-DND_p291_c2_grm_std_uni,1,4.6536173820495605,-4.32085657119751,1
Clemson-DND_p291_c2_grm_std_uni,1,4.698660373687744,-4.486603736877441,1
Clemson-DND_p291_c2_grm_std_uni,1,4.692531108856201,-4.373857498168945,1
Clemson-DND_p291_c2_grm_std_uni,1,4.512879371643066,-4.322033882141113,1
Clemson-DND_p291_c2_grm_std_uni,1,4.6546735763549805,-4.878342151641846,1
Clemson-DND_p291_c2_grm_std_uni,1,4.7140679359436035,-5.214121341705322,1
Clemson-DND_p291_c2_grm_std_uni,1,5.2337646484375,-5.503239154815674,1
Clemson-DND_p291_c2_grm_std_uni,1,4.405706882476807,-4.503384113311768,1
Clemson-DND_p291_c2_grm_std_uni,1,4.563508987426758,-4.4674248695373535,1
Clemson-DND_p291_c2_grm_std_uni,1,4.848618507385254,-4.93966007232666,1
Clemson-DND_p291_c2_grm_std_uni,1,5.034728527069092,-4.64033842086792,1
Clemson-DND_p291_c2_grm_std_uni,1,4.923017978668213,-3.8022069931030273,1
Clemson-DND_p291_c2_grm_std_uni,1,4.954954624176025,-4.04884147644043,1
Clemson-DND_p291_c2_grm_std_uni,1,4.606154918670654,-4.044495582580566,1
Clemson-DND_p291_c2_grm_std_uni,1,4.354284763336182,-3.9684813022613525,1
Clemson-DND_p291_c2_grm_std_uni,1,4.876308917999268,-4.602110385894775,1
Clemson-DND_p291_c2_grm_std_uni,1,5.1705780029296875,-4.623318672180176,1
Clemson-DND_p291_c2_grm_std_uni,1,5.261617183685303,-4.737088203430176,1
Clemson-DND_p291_c2_grm_std_uni,1,5.2972187995910645,-4.939791202545166,1
Clemson-DND_p291_c2_grm_std_uni,1,5.700058937072754,-5.1903076171875,1
Clemson-DND_p291_c2_grm_std_uni,1,5.476495742797852,-5.160391330718994,1
Clemson-DND_p291_c2_grm_std_uni,1,5.171537399291992,-5.4106035232543945,1
Clemson-DND_p291_c2_grm_std_uni,1,5.275483131408691,-5.632662296295166,1
Clemson-DND_p291_c2_grm_std_uni,1,5.107867240905762,-5.4828925132751465,1
Clemson-DND_p291_c2_grm_std_uni,1,4.941279411315918,-5.538528919219971,1
Clemson-DND_p291_c2_grm_std_uni,1,4.671728610992432,-5.020867824554443,1
Clemson-DND_p291_c2_grm_std_uni,1,4.524308681488037,-4.677855491638184,1
Clemson-DND_p291_c2_grm_std_uni,1,4.634627819061279,-3.855307102203369,1
Clemson-DND_p291_c2_grm_std_uni,1,4.765932559967041,-4.144275665283203,1
Clemson-DND_p291_c2_grm_std_uni,1,4.700780868530273,-4.461801528930664,1
Clemson-DND_p291_c2_grm_std_uni,1,4.421113967895508,-4.27662992477417,1
Clemson-DND_p291_c2_grm_std_uni,1,4.158865928649902,-4.407522678375244,1
Clemson-DND_p291_c2_grm_std_uni,1,4.0809831619262695,-4.4755539894104,1
Clemson-DND_p291_c2_grm_std_uni,1,3.6166951656341553,-3.9076855182647705,1
Clemson-DND_p291_c2_grm_std_uni,1,3.8631412982940674,-3.9944770336151123,1
Clemson-DND_p291_c2_grm_std_uni,1,4.245182991027832,-4.249967575073242,1
Clemson-DND_p291_c2_grm_std_uni,1,5.005526065826416,-4.705292224884033,1
Clemson-DND_p291_c2_grm_std_uni,1,4.934041500091553,-4.405479431152344,1
Clemson-DND_p291_c2_grm_std_uni,1,4.7090840339660645,-3.971874237060547,1
Clemson-DND_p291_c2_grm_std_uni,1,4.068120956420898,-3.431236982345581,1
Clemson-DND_p291_c2_grm_std_uni,1,3.6929216384887695,-3.0219054222106934,1
Clemson-DND_p291_c2_grm_std_uni,1,4.712036609649658,-4.518445014953613,1
Clemson-DND_p291_c2_grm_std_uni,1,5.785426139831543,-5.339688777923584,1
Clemson-DND_p291_c2_grm_std_uni,1,6.016210556030273,-5.375699996948242,1
Clemson-DND_p291_c2_grm_std_uni,1,5.692925453186035,-4.871251583099365,1
Clemson-DND_p291_c2_grm_std_uni,1,5.630598545074463,-4.574168682098389,1
Clemson-DND_p291_c2_grm_std_uni,1,5.457834243774414,-4.510390758514404,1
Clemson-DND_p291_c2_grm_std_uni,1,5.184217929840088,-4.4071526527404785,1
Clemson-DND_p291_c2_grm_std_uni,1,5.384634017944336,-4.917534351348877,1
Clemson-DND_p291_c2_grm_std_uni,1,5.486210346221924,-5.17715311050415,1
Clemson-DND_p291_c2_grm_std_uni,1,5.145683765411377,-5.0103254318237305,1
Clemson-DND_p291_c2_grm_std_uni,1,4.612194538116455,-4.801549911499023,1
Clemson-DND_p291_c2_grm_std_uni,1,4.522827625274658,-4.827548027038574,1
Clemson-DND_p291_c2_grm_std_uni,1,4.418361186981201,-4.770391464233398,1
Clemson-DND_p291_c2_grm_std_uni,1,4.489896297454834,-4.71823263168335,1
Clemson-DND_p291_c2_grm_std_uni,1,4.835901260375977,-4.911322116851807,1
Clemson-DND_p291_c2_grm_std_uni,1,4.841322898864746,-4.623743534088135,1
Clemson-DND_p291_c2_grm_std_uni,1,4.630020618438721,-4.697595596313477,1
Clemson-DND_p291_c2_grm_std_uni,1,5.381981372833252,-4.977071762084961,1
Clemson-DND_p291_c2_grm_std_uni,1,5.725582599639893,-4.616844177246094,1
Clemson-DND_p291_c2_grm_std_uni,1,5.672250747680664,-4.400280475616455,1
Clemson-DND_p291_c2_grm_std_uni,1,5.657083034515381,-5.00537633895874,1
Clemson-DND_p291_c2_grm_std_uni,1,5.78187894821167,-5.376853942871094,1
Clemson-DND_p291_c2_grm_std_uni,1,5.756856441497803,-5.501508712768555,1
Clemson-DND_p291_c2_grm_std_uni,1,5.954626560211182,-5.765755653381348,1
Clemson-DND_p291_c2_grm_std_uni,1,5.3078203201293945,-5.131966590881348,1
Clemson-DND_p291_c2_grm_std_uni,1,5.44151496887207,-5.732633590698242,1
Clemson-DND_p291_c2_grm_std_uni,1,5.008349418640137,-5.2935357093811035,1
Clemson-DND_p291_c2_grm_std_uni,1,5.415083885192871,-5.64650821685791,1
Clemson-DND_p291_c2_grm_std_uni,1,4.623701572418213,-4.800047874450684,1
Clemson-DND_p291_c2_grm_std_uni,1,4.357672214508057,-4.971879959106445,1
Clemson-DND_p291_c2_grm_std_uni,1,4.363029479980469,-4.791123390197754,1
Clemson-DND_p291_c2_grm_std_uni,1,4.030150413513184,-4.673680305480957,1
Clemson-DND_p291_c2_grm_std_uni,1,3.812187433242798,-4.394360065460205,1
Clemson-DND_p291_c2_grm_std_uni,1,4.015351295471191,-4.3858537673950195,1
Clemson-DND_p291_c2_grm_std_uni,1,4.713362216949463,-4.675532341003418,1
Clemson-DND_p291_c2_grm_std_uni,1,5.336096286773682,-4.814475059509277,1
Clemson-DND_p291_c2_grm_std_uni,1,5.431680202484131,-4.904542922973633,1
Clemson-DND_p291_c2_grm_std_uni,1,5.160140037536621,-4.523547172546387,1
Clemson-DND_p291_c2_grm_std_uni,1,5.172625541687012,-5.095006465911865,1
Clemson-DND_p291_c2_grm_std_uni,1,4.8703837394714355,-5.713973522186279,1
Clemson-DND_p291_c2_grm_std_uni,1,4.747963905334473,-5.8407487869262695,1
Clemson-DND_p291_c2_grm_std_uni,1,5.225732326507568,-5.948605060577393,1
Clemson-DND_p291_c2_grm_std_uni,1,5.153420448303223,-5.777756214141846,1
Clemson-DND_p291_c2_grm_std_uni,1,5.21224308013916,-5.66841983795166,1
Clemson-DND_p291_c2_grm_std_uni,1,4.8617939949035645,-5.630312442779541,1
Clemson-DND_p291_c2_grm_std_uni,1,4.809457778930664,-5.615431308746338,1
Clemson-DND_p291_c2_grm_std_uni,1,4.545095920562744,-5.228609085083008,1
Clemson-DND_p291_c2_grm_std_uni,1,5.045899868011475,-4.965110778808594,1
Clemson-DND_p291_c2_grm_std_uni,1,4.927790641784668,-4.729905128479004,1
Clemson-DND_p291_c2_grm_std_uni,1,4.794985294342041,-4.953675746917725,1
Clemson-DND_p291_c2_grm_std_uni,1,4.159146785736084,-4.83293342590332,1
Clemson-DND_p291_c2_grm_std_uni,1,4.56723165512085,-4.79485559463501,1
Clemson-DND_p291_c2_grm_std_uni,1,4.190661430358887,-4.423868656158447,1
Clemson-DND_p291_c2_grm_std_uni,1,5.164668083190918,-5.256040573120117,1
Clemson-DND_p291_c2_grm_std_uni,1,5.445520877838135,-5.435355186462402,1
Clemson-DND_p291_c2_grm_std_uni,1,4.87388277053833,-5.0423808097839355,1
Clemson-DND_p291_c2_grm_std_uni,1,4.650221347808838,-4.869368076324463,1
Clemson-DND_p291_c2_grm_std_uni,1,4.372153282165527,-4.594976425170898,1
Clemson-DND_p291_c2_grm_std_uni,1,4.206942558288574,-4.398368835449219,1
Clemson-DND_p291_c2_grm_std_uni,1,4.895358085632324,-4.947024345397949,1
Clemson-DND_p291_c2_grm_std_uni,1,5.7110419273376465,-5.3666253089904785,1
Clemson-DND_p291_c2_grm_std_uni,1,4.628483295440674,-4.581462860107422,1
Clemson-DND_p291_c2_grm_std_uni,1,4.578839302062988,-4.577052116394043,1
Clemson-DND_p291_c2_grm_std_uni,1,4.77333402633667,-5.147547245025635,1
Clemson-DND_p291_c2_grm_std_uni,1,4.5600810050964355,-5.227804660797119,1
Clemson-DND_p291_c2_grm_std_uni,1,5.347661018371582,-5.363403797149658,1
Clemson-DND_p291_c2_grm_std_uni,1,5.398231029510498,-5.0614423751831055,1
Clemson-DND_p291_c2_grm_std_uni,1,5.4294538497924805,-5.6378984451293945,1
Clemson-DND_p291_c2_grm_std_uni,1,4.92886209487915,-5.12514591217041,1
Clemson-DND_p291_c2_grm_std_uni,1,4.395055294036865,-4.745522499084473,1
Clemson-DND_p291_c2_grm_std_uni,1,4.007444381713867,-4.617891788482666,1
Clemson-DND_p291_c2_grm_std_uni,1,4.076602935791016,-4.958221435546875,1
Clemson-DND_p291_c2_grm_std_uni,1,4.81416130065918,-5.392978191375732,1
Clemson-DND_p291_c2_grm_std_uni,1,4.468746185302734,-5.141231060028076,1
Clemson-DND_p291_c2_grm_std_uni,1,4.40791654586792,-5.241988182067871,1
Clemson-DND_p291_c2_grm_std_uni,1,4.036569595336914,-4.611529350280762,1
Clemson-DND_p291_c2_grm_std_uni,1,4.852196216583252,-5.465516567230225,1
Clemson-DND_p291_c2_grm_std_uni,1,4.807367324829102,-4.765812873840332,1
Clemson-DND_p291_c2_grm_std_uni,1,4.83894157409668,-4.5923285484313965,1
Clemson-DND_p291_c2_grm_std_uni,1,4.5565595626831055,-4.10340690612793,1
Clemson-DND_p291_c2_grm_std_uni,1,5.320220470428467,-5.133063793182373,1
Clemson-DND_p291_c2_grm_std_uni,1,5.338343620300293,-4.630647659301758,1
Clemson-DND_p291_c2_grm_std_uni,1,5.7435526847839355,-4.451791763305664,1
Clemson-DND_p291_c2_grm_std_uni,1,5.813089370727539,-4.705446243286133,1
Clemson-DND_p291_c2_grm_std_uni,1,5.906474590301514,-5.327066421508789,1
Clemson-DND_p291_c2_grm_std_uni,1,5.681869983673096,-5.555243015289307,1
Clemson-DND_p291_c2_grm_std_uni,1,5.750421047210693,-5.652336120605469,1
Clemson-DND_p291_c2_grm_std_uni,1,5.523327350616455,-5.325817584991455,1
Clemson-DND_p291_c2_grm_std_uni,1,4.849725246429443,-4.929685115814209,1
Clemson-DND_p291_c2_grm_std_uni,1,4.8888349533081055,-5.150479793548584,1
Clemson-DND_p291_c2_grm_std_uni,1,5.143014430999756,-5.318020820617676,1
Clemson-DND_p291_c2_grm_std_uni,1,4.025902271270752,-4.123055458068848,1
Clemson-DND_p291_c2_grm_std_uni,1,3.802347421646118,-4.310466766357422,1
Clemson-DND_p291_c2_grm_std_uni,1,3.575829267501831,-3.9273486137390137,1
Clemson-DND_p291_c2_grm_std_uni,1,3.7690834999084473,-4.152032852172852,1
Clemson-DND_p291_c2_grm_std_uni,1,4.0386128425598145,-4.69813871383667,1
Clemson-DND_p291_c2_grm_std_uni,1,5.03309440612793,-4.916583061218262,1
Clemson-DND_p291_c2_grm_std_uni,1,5.2448015213012695,-5.16493558883667,1
Clemson-DND_p291_c2_grm_std_uni,1,5.376199722290039,-5.447580814361572,1
Clemson-DND_p291_c2_grm_std_uni,1,5.454109191894531,-5.5640082359313965,1
Clemson-DND_p291_c2_grm_std_uni,1,5.114044189453125,-5.573395252227783,1
Clemson-DND_p291_c2_grm_std_uni,1,4.711324691772461,-5.473378658294678,1
Clemson-DND_p291_c2_grm_std_uni,1,5.226260662078857,-6.030546188354492,1
Clemson-DND_p291_c2_grm_std_uni,1,4.642248153686523,-5.375920295715332,1
Clemson-DND_p291_c2_grm_std_uni,1,4.160106658935547,-4.817418098449707,1
Clemson-DND_p291_c2_grm_std_uni,1,4.038870811462402,-4.276874542236328,1
Clemson-DND_p291_c2_grm_std_uni,1,3.753608226776123,-4.008054256439209,1
Clemson-DND_p291_c2_grm_std_uni,1,3.285799741744995,-3.7395987510681152,1
Clemson-DND_p291_c2_grm_std_uni,1,3.8969428539276123,-4.307041645050049,1
Clemson-DND_p291_c2_grm_std_uni,1,4.066000938415527,-4.481741428375244,1
Clemson-DND_p291_c2_grm_std_uni,1,3.7587995529174805,-4.239570617675781,1
Clemson-DND_p291_c2_grm_std_uni,1,3.219438314437866,-3.7740275859832764,1
Clemson-DND_p291_c2_grm_std_uni,1,3.0846107006073,-3.5277161598205566,1
Clemson-DND_p291_c2_grm_std_uni,1,2.5420360565185547,-2.779123067855835,1
